snapshot_date,fetched_at,manga_id,title,original_language,status,year,tags,content_rating,follows,average_rating,bayesian_rating,rating_votes,replies_count,latest_chapter_id,latest_volume,latest_chapter_number,latest_translated_language,latest_publish_at,latest_pages
2026-09-23,2026-09-23T18:08:57.087452+00:00,0017ab16-4f1f-452a-99d2-5f7dec895a67,Save the Earth!,ko,ongoing,2025,Long Strip|Romance|Comedy|Drama|School Life|Slice of Life|Full Color,safe,25,7.5,8.103073865357635,,2,8878a2c2-4fa0-4bd5-a8df-9fd64d7028eb,,13,en,2026-09-23T13:03:20+00:00,65
2026-09-23,2026-09-23T18:08:57.087452+00:00,00cbb62b-b002-464d-bda7-8e650338417e,World Extinction War,ko,ongoing,2026,Sci-Fi|Historical|Action|Long Strip|Martial Arts|Video Games|Magic|Isekai|Fantasy|Web Comic|Full Color,safe,441,8.9259,8.254232108995515,,2,c6be23f3-b6ec-4623-91ac-82e6c5c51127,,7,en,2026-09-23T16:20:48+00:00,29
2026-09-23,2026-09-23T18:08:57.087452+00:00,024daabd-a693-4f77-8d6a-7fd82e8b94f5,Grand Finale,ko,completed,2025,Sci-Fi|Action|Long Strip|Comedy|Adventure|Drama|Fantasy|Web Comic|Supernatural|Full Color,safe,1978,9.0533,8.620220902065096,,14,5d32f222-851f-486b-a119-176da79bc58a,,4,pt-br,2025-08-05T02:16:28+00:00,98
2026-09-23,2026-09-23T18:08:57.087452+00:00,0ab7ae56-2800-4426-819d-0cda91aad12a,The Blood Knight’s Villains,ko,cancelled,,Reincarnation|Action|Long Strip|Adventure|Isekai|Drama|Fantasy|Web Comic|Full Color,safe,496,7.0667,7.913871036359202,,0,,,,,,
2026-09-23,2026-09-23T18:08:57.087452+00:00,0db0c050-597e-4068-92e2-e57ea98d86b7,Meongmunsegareul Horyeonghaneun Agi Goyangiimnida,ko,ongoing,2026,Long Strip|Romance|Martial Arts|Fantasy|Adaptation|Full Color,safe,4,,8.04959183829508,,0,,,,,,
2026-09-23,2026-09-23T18:08:57.087452+00:00,0e117066-f6e7-44a7-a31f-34bf27b4e3fa,Nal Cha Beorin Sokkupchingu wa Jeon Yeochin i Gateun Banira Gollanhada,ko,completed,2023,Reincarnation|Action|Long Strip|Romance|Magic|Drama|School Life|Fantasy|Full Color,safe,71,7.2,8.078184608327222,,0,615501b7-0199-4b52-9477-3ffcd6657a30,1,1,fr,2026-09-13T19:51:59+00:00,120
2026-09-23,2026-09-23T18:08:57.087452+00:00,105c2a3e-0235-44a4-9b8c-42ae2c555e4e,"My Next-Door Neighbor, the Handsome Stalker Boy",ko,completed,2016,Long Strip|Romance|Comedy|Drama|Web Comic|Slice of Life|Full Color,safe,338,6.6667,8.017489002568396,,0,82d0b603-71ea-4fe4-a3c1-4fba4e70deb7,,7,en,2022-01-08T15:24:19+00:00,12
2026-09-23,2026-09-23T18:08:57.087452+00:00,135907b0-f623-4b4e-9024-959102905508,Nam Goong Sae Ga Prince,ko,completed,2020,Action|Long Strip|Survival|Martial Arts|Adventure|Drama|Adaptation|Full Color,safe,490,7.3182,7.995967238475291,,5,,,,,,
2026-09-23,2026-09-23T18:08:57.087452+00:00,2057c712-1d9b-48a1-ba8f-541756209036,Jolttaejado Appaneun Choeumira,ko,ongoing,2025,Action|Demons|Long Strip|Adventure|Isekai|Fantasy|Web Comic|Adaptation|Full Color,safe,13,,8.04959183829508,,0,,,,,,
2026-09-23,2026-09-23T18:08:57.087452+00:00,23ddcbae-7074-4f07-bd23-08177bf31412,Yongsa ui Ballad,ko,ongoing,2026,Action|Long Strip|Adventure|Fantasy|Full Color,safe,67,10,8.155739109991673,,0,,,,,,
2026-09-23,2026-09-23T18:08:57.087452+00:00,2c4c69a9-0f92-4af9-b22b-5ae66c934c32,Misfit on the Florida,ko,ongoing,2026,Historical|Long Strip|Boys' Love|Drama|Full Color,suggestive,39,6.25,8.05604256946767,,0,cca4b7bc-21ae-4058-b1ae-e0d84888c973,,9,en,2026-09-19T03:01:54+00:00,49
2026-09-23,2026-09-23T18:08:57.087452+00:00,39872c85-0375-4f6d-b333-213944337971,Cheonmanchongchun,ko,ongoing,2024,Long Strip|Romance|Comedy|Drama|School Life|Slice of Life|Full Color,safe,3,,8.04959183829508,,0,,,,,,
2026-09-23,2026-09-23T18:08:57.087452+00:00,3fc74fb2-ae93-4bb0-b912-a4c5d5f7b594,The Incognito Princess,ko,ongoing,2024,Reincarnation|Long Strip|Romance|Isekai|Fantasy|Villainess|Supernatural|Adaptation|Full Color,safe,4107,8.9305,8.702450715544828,,9,a92bed04-529c-41bb-bf10-20af1f811f8d,,44,en,2025-05-10T01:43:46+00:00,68
2026-09-23,2026-09-23T18:08:57.087452+00:00,412ab8fe-eca9-47c9-8f5c-f6deb75622e9,The Beloved Little Princess,ko,completed,2020,Reincarnation|Action|Long Strip|Romance|Comedy|Magic|Fantasy|Web Comic|Adaptation|Full Color,safe,46988,8.7132,8.68601561320172,,607,,,,,,
2026-09-23,2026-09-23T18:08:57.087452+00:00,429d98fa-1352-4adf-94d1-969efafec386,The Doctor Is Out,ko,hiatus,2022,Time Travel|Long Strip|Romance|Comedy|Drama|Fantasy|Adaptation|Full Color,safe,369,8.1429,8.116779734751427,,1,d079134b-a018-433d-9fd9-1f48d3d01040,,99,id,2025-11-21T14:04:24+00:00,18
2026-09-23,2026-09-23T18:08:57.087452+00:00,56691e99-ca6d-4360-bae1-0a0dfb85866b,Jungse Fantasy sok Mangnani Gyeongbijojang,ko,ongoing,2024,Monsters|Action|Demons|Long Strip|Magic|Drama|Fantasy|Adaptation|Full Color|Tragedy,safe,4943,8.6699,8.50556814706439,,7,f271c05b-1d0c-4dac-81a2-2d89eafdb10d,,4,pl,2025-04-16T08:16:40+00:00,101
2026-09-23,2026-09-23T18:08:57.087452+00:00,5a0b8181-1fe1-4f59-8b0b-60e720a3326c,Samnyumuga Cheonhajeirin,ko,ongoing,2026,Action|Long Strip|Martial Arts|Drama|Fantasy|Adaptation|Full Color,safe,4,,8.04959183829508,,0,,,,,,
2026-09-23,2026-09-23T18:08:57.087452+00:00,5c78dcc5-0393-457d-9e4f-3fde40ef1014,Mujehan ui Segyunsulsa,ko,ongoing,2026,Monsters|Action|Long Strip|Magic|Fantasy|Full Color,safe,11,8,8.11076866914732,,0,,,,,,
2026-09-23,2026-09-23T18:08:57.087452+00:00,6a50ffeb-9678-47b4-868e-15fe0febe188,My Darling Signed In,ko,completed,2017,Long Strip|Romance|Comedy|Boys' Love|Video Games|Web Comic|Full Color,safe,910,8.2785,8.175858318083053,,8,e3d50ade-42a5-4f95-a147-30a3c90e2a47,,3,en,2023-03-11T16:53:33+00:00,0
2026-09-23,2026-09-23T18:08:57.087452+00:00,6ebc38c9-367a-4fba-ab36-ad9a957ee7d1,백합의 우울,ko,completed,2023,Long Strip|Comedy|Girls' Love|Drama|School Life|Full Color,safe,196,9.0645,8.298162449387736,,0,92048c39-4849-4ee0-8b09-a31fcb8bcb0c,,62,id,2026-09-21T05:54:27+00:00,37
2026-09-23,2026-09-23T18:08:57.087452+00:00,7609c582-6361-436a-a09f-a273079eff1a,Modeun Geol Gieokhaneun Cheonjae Musa,ko,ongoing,2026,Time Travel|Action|Long Strip|Martial Arts|Fantasy|Full Color,safe,9,7.5,8.103073865357635,,0,,,,,,
2026-09-23,2026-09-23T18:08:57.087452+00:00,7a020035-69b2-41eb-89d6-bca97cb729df,Pahonhan Yeongaeneun Ending Oeen Jipchakaji Anneunda,ko,ongoing,2023,Long Strip|Romance|Magic|Isekai|Fantasy|Adaptation|Full Color,safe,165,6.8,8.017362231926858,,0,,,,,,
2026-09-23,2026-09-23T18:08:57.087452+00:00,7b93ac7f-410e-4431-b92d-1ce2a6f13f10,The Dignity of a Chaebol,ko,ongoing,,Reincarnation|Time Travel|Long Strip|Office Workers|Drama|Fantasy,safe,162,8.125,8.113235522185564,,0,,,,,,
2026-09-23,2026-09-23T18:08:57.087452+00:00,7da0c452-6d40-44db-80a5-9bc8baf558f1,The Father and the Daughter,ko,ongoing,2025,Long Strip|Romance|Fantasy|Full Color,safe,2482,8.4135,8.265925172394706,,3,,,,,,
2026-09-23,2026-09-23T18:08:57.087452+00:00,8367fa34-d0b2-480f-bc0d-66307099174b,I’d Rather Live as a Villain,ko,ongoing,2025,Long Strip|Office Workers|Drama|Web Comic|Adaptation|Full Color,safe,45,10,8.127136567669405,,0,a2874a66-1e10-4bbb-9fa5-768ba79ae7f1,,1,id,2025-09-22T12:49:21+00:00,33
2026-09-23,2026-09-23T18:08:57.087452+00:00,84805b94-6eeb-42ff-abb7-b2d8614c2804,Contract Marriage with the Second Lead,ko,completed,2025,Reincarnation|Long Strip|Romance|Isekai|Drama|Fantasy|Web Comic|Adaptation|Full Color,safe,42,8.5,8.124246176822163,,0,,,,,,
2026-09-23,2026-09-23T18:08:57.087452+00:00,8953c4fe-54fe-41df-93cf-c8ddb9307684,Neon Revenge,ko,completed,2020,Action|Long Strip|Comedy|Crime|Drama|Delinquents|Web Comic|Full Color,safe,3008,8.1582,8.14012705260124,,25,,,,,,
2026-09-23,2026-09-23T18:08:57.087452+00:00,9258cef1-3b0a-4a02-bccc-7e34580c5c2b,The Villainess Becomes a Mom,ko,completed,2022,Reincarnation|Time Travel|Long Strip|Romance|Magic|Isekai|Drama|Fantasy|Adaptation|Full Color,safe,4838,7.3942,7.622834205513238,,0,01e6dd3b-1d57-41b7-b83f-b4a2bebc146c,1,20,pt-br,2026-09-16T10:33:35+00:00,59
2026-09-23,2026-09-23T18:08:57.087452+00:00,999f8fac-db53-48cc-9030-1c0ad19c9812,Wanjeonmugyeolhan Gongjangnimkke,ko,ongoing,2025,Long Strip|Romance|Drama|Fantasy|Web Comic|Adaptation|Full Color,suggestive,38,,8.04959183829508,,0,,,,,,
2026-09-23,2026-09-23T18:08:57.087452+00:00,9cfa0ad8-5c01-4d03-823d-117470f540d7,Punghon,ko,completed,2020,Action|Long Strip|Martial Arts|Adventure|Drama|Fantasy|Web Comic|Adaptation|Full Color,safe,373,8.1111,8.11232871765042,,0,9abd6710-7ffd-41f2-a2a5-abb0947e970b,,21,pt-br,2025-09-27T18:48:53+00:00,21
2026-09-23,2026-09-23T18:08:57.087452+00:00,a6a21855-c647-483f-85cf-c17b8dd0ca58,The Archduke's Fabulous Fake Marriage,ko,ongoing,2023,Historical|Long Strip|Romance|Comedy|Isekai|Drama|Fantasy|Villainess|Adaptation|Full Color,safe,5136,8.2874,8.229832771119282,,5,c3fbc412-75f8-407d-820c-4a77d5aeb429,1,4,en,2024-02-06T17:49:28+00:00,0
2026-09-23,2026-09-23T18:08:57.087452+00:00,aa81f925-593c-4e84-8277-c6cc683eb85f,Surviving as a Butler at the Connate Castle,ko,ongoing,2026,Long Strip|Romance|Comedy|Crossdressing|Drama|Fantasy|Cooking|Full Color,safe,188,8.2222,8.11971024860432,,0,19f48e50-012d-4970-922e-429f060e16da,,13,en,2026-09-08T21:09:04+00:00,17
2026-09-23,2026-09-23T18:08:57.087452+00:00,ae0b0102-1adf-4fbe-a87b-04dd2fdde0ca,모르는 만화에 빙의했다,ko,cancelled,,Reincarnation|Romance|Comedy|Harem|Isekai|Adaptation,safe,440,8,8.092897892722874,,0,,,,,,
2026-09-23,2026-09-23T18:08:57.087452+00:00,b00ca6fd-4fab-4c8f-a981-4a89cefc5d89,The Villainess Is Retiring,ko,hiatus,2021,Reincarnation|Demons|Long Strip|Romance|Comedy|Magic|Isekai|Fantasy|Villainess|Web Comic|Adaptation|Full Color,safe,36942,8.9417,8.885275459404287,,255,630d31c0-1e93-4ad1-b10c-de1e2258526d,2,73,es-la,2024-07-21T22:06:51+00:00,21
2026-09-23,2026-09-23T18:08:57.087452+00:00,b6f9aaad-6787-460c-bbb8-af9eb7bcc3e0,Pipyemul Namjuui Eommaga Doeeotda,ko,completed,2023,Long Strip|Romance|Magic|Fantasy|Adaptation|Full Color,safe,5962,8.5871,8.498417918683545,,7,5613328a-4f0c-4530-80cc-03bde4762efa,,25,pl,2026-05-19T17:39:04+00:00,91
2026-09-23,2026-09-23T18:08:57.087452+00:00,bbed470c-5ca5-45ec-8101-474323387734,Survivalism,ko,ongoing,2026,Sci-Fi|Monsters|Action|Long Strip|Survival|Adventure|Isekai|Gore|Horror|Fantasy|Full Color,suggestive,9630,7.825,7.881775108407195,,11,a0591037-4f62-437f-98cc-78de7d171abc,,10,en,2026-09-20T09:29:19+00:00,27
2026-09-23,2026-09-23T18:08:57.087452+00:00,bc890658-888f-41b1-a333-07cb5f5f3625,Gajang Widaehan Masulsa,ko,ongoing,2026,Sci-Fi|Action|Long Strip|Magic|Drama|Fantasy|Full Color,safe,10,,8.04959183829508,,0,,,,,,
2026-09-23,2026-09-23T18:08:57.087452+00:00,bdf3be62-4fcf-4190-be5a-cf0bc1f3d120,a jovem princesa e a esperança de um divórcio,ko,ongoing,2023,Reincarnation|Long Strip|Romance|Isekai|Fantasy|Adaptation|Full Color,safe,211,7.2222,8.05399659043837,,0,0457f7e5-f2c2-470e-8997-d1d3f87a693e,,119,pt-br,2026-09-02T11:55:32+00:00,0
2026-09-23,2026-09-23T18:08:57.087452+00:00,becc3f3f-4d73-4fe6-a1d1-d7c67c3c285d,Lotto 1-deung do Chulgeunhamnida,ko,ongoing,2024,Long Strip|Romance|Office Workers|Drama|Web Comic|Adaptation|Full Color,safe,329,7.65,8.049982186494528,,0,,,,,,
2026-09-23,2026-09-23T18:08:57.087452+00:00,c22759b2-f492-471c-a80f-37e672cfb3b4,CookieRun: OvenSmash,ko,ongoing,2026,Sci-Fi|Action|Adventure|Web Comic,safe,6,,8.04959183829508,,0,86d98261-79bf-413c-a637-d66480afe3f0,,8,es,2026-09-09T20:21:38+00:00,14
2026-09-23,2026-09-23T18:08:57.087452+00:00,d2a01e38-1c0d-4e4b-a9ae-21d119e8b326,Demon King of the Royal Class,ko,cancelled,2023,Reincarnation|Action|Demons|Long Strip|Comedy|Adventure|Magic|Harem|Isekai|School Life|Fantasy|Web Comic|Slice of Life|Adaptation|Full Color,safe,11367,8.6775,8.616004449799982,,29,ce4cd555-09c4-4e18-8a29-fa0d3ca64e43,2,69,it,2026-09-10T09:51:21+00:00,63
2026-09-23,2026-09-23T18:08:57.087452+00:00,d87c0ba8-de4b-4e71-a278-816d6a1c5805,"Life, Once Again!",ko,hiatus,2023,Time Travel|Long Strip|Romance|Drama|School Life|Fantasy|Web Comic|Slice of Life|Adaptation|Full Color|Tragedy,safe,1749,8.3838,8.23085899225338,,3,,,,,,
2026-09-23,2026-09-23T18:08:57.087452+00:00,db1f4c31-f92f-4f4f-a8c6-fc898e432888,Jeoldae Hoegwi,ko,ongoing,2024,Time Travel|Historical|Action|Long Strip|Martial Arts|Adventure|Wuxia|Fantasy|Adaptation|Full Color,suggestive,4420,9.0616,8.802620687929736,,6,21e4cff7-ddd1-4a04-a8cf-6b3570836afb,1,1,ro,2026-09-20T14:24:26+00:00,21
2026-09-23,2026-09-23T18:08:57.087452+00:00,dd16dbbc-c317-4f62-8cf5-3525b4083aab,Prologue-eseo 30-nyeoni Heulleotda,ko,ongoing,2026,Reincarnation|Action|Demons|Long Strip|Romance|Harem|Isekai|Drama|Web Comic|Adaptation|Full Color,safe,1216,8.425,8.232716680677452,,1,34fe8a25-65b0-43c6-8079-dc24c633bfbf,,4,en,2026-08-23T00:07:15+00:00,28
2026-09-23,2026-09-23T18:08:57.087452+00:00,e24d2233-6fe7-4766-8074-d25671522da9,Gollyun e Yong i Sanda,ko,ongoing,2026,Action|Long Strip|Martial Arts|Adventure|Full Color,safe,2,,8.04959183829508,,0,,,,,,
2026-09-23,2026-09-23T18:08:57.087452+00:00,e7a92445-d4ee-411a-8680-17dfd699ee5f,The Nerd Next Door Turned Out To Be The Magic Tower Master,ko,ongoing,2026,Reincarnation|Romance|Comedy|Drama,safe,55,,8.04959183829508,,0,ce3e132c-ed8e-405f-b29b-0bc1ffaea855,,4,pt-br,2026-09-15T20:11:17+00:00,18
2026-09-23,2026-09-23T18:08:57.087452+00:00,f0aee247-e44a-48b1-a00c-194043e43829,Space Marine ege Sangtaechang i Saenggim,ko,ongoing,2026,Sci-Fi|Action|Long Strip|Military|Fantasy|Aliens|Full Color,safe,112,9.2143,8.221159029511123,,0,,,,,,
2026-09-23,2026-09-23T18:08:57.087452+00:00,f8c98885-7da1-4a6f-9954-74cd8350c9e4,Hoeguihaenneunde Sesang i An Mangham,ko,cancelled,2025,Time Travel|Action|Long Strip|Comedy|Virtual Reality|Video Games|Fantasy|Adaptation|Full Color,safe,3741,8.2441,8.194731576936496,,12,d76fd22b-4cca-448b-be9a-7c4df1150f71,,2,pt-br,2025-12-10T00:52:05+00:00,69
2026-09-23,2026-09-23T18:08:57.087452+00:00,fa6793c8-7523-4f4a-93a1-1f44fd8110c4,Nuna-deul eul Bulkkeunhage Mandeuneun Yeonha Namchin,ko,completed,2018,Oneshot|Romance|Web Comic,safe,926,7.8374,7.977666589746281,,0,fd5b57c6-5df3-41c3-b7d9-e42b981fd5d2,,,id,2023-04-30T01:08:40+00:00,2
2026-09-23,2026-09-23T18:08:57.087452+00:00,fcea68c1-e1fb-41bd-8eb0-3cd8d6d97e7e,Gananhan Yeongji-ui Ju-ini Doeo Beoryeotda,ko,ongoing,2024,Reincarnation|Long Strip|Romance|Drama|Fantasy|Web Comic|Adaptation|Full Color,safe,126,8.125,8.113235522185564,,1,3c2d92d5-075e-4a16-98b5-1e8f10b78639,,11,es-la,2026-09-07T22:57:09+00:00,34
2026-09-24,2026-09-24T07:33:27.570080+00:00,0017ab16-4f1f-452a-99d2-5f7dec895a67,Save the Earth!,ko,ongoing,2025,Long Strip|Romance|Comedy|Drama|School Life|Slice of Life|Full Color,safe,28,7.5,8.103073865357635,,2,8878a2c2-4fa0-4bd5-a8df-9fd64d7028eb,,13,en,2026-09-23T13:03:20+00:00,65
2026-09-24,2026-09-24T07:33:27.570080+00:00,00cbb62b-b002-464d-bda7-8e650338417e,World Extinction War,ko,ongoing,2026,Sci-Fi|Historical|Action|Long Strip|Martial Arts|Video Games|Magic|Isekai|Fantasy|Web Comic|Full Color,safe,479,8.7419,8.235252682547333,,2,c6be23f3-b6ec-4623-91ac-82e6c5c51127,,7,en,2026-09-23T16:20:48+00:00,29
2026-09-24,2026-09-24T07:33:27.570080+00:00,024daabd-a693-4f77-8d6a-7fd82e8b94f5,Grand Finale,ko,completed,2025,Sci-Fi|Action|Long Strip|Comedy|Adventure|Drama|Fantasy|Web Comic|Supernatural|Full Color,safe,1979,9.0533,8.620220902065096,,14,5d32f222-851f-486b-a119-176da79bc58a,,4,pt-br,2025-08-05T02:16:28+00:00,98
2026-09-24,2026-09-24T07:33:27.570080+00:00,0ab7ae56-2800-4426-819d-0cda91aad12a,The Blood Knight’s Villains,ko,cancelled,,Reincarnation|Action|Long Strip|Adventure|Isekai|Drama|Fantasy|Web Comic|Full Color,safe,496,7.0667,7.913871036359202,,0,,,,,,
2026-09-24,2026-09-24T07:33:27.570080+00:00,0db0c050-597e-4068-92e2-e57ea98d86b7,Meongmunsegareul Horyeonghaneun Agi Goyangiimnida,ko,ongoing,2026,Long Strip|Romance|Martial Arts|Fantasy|Adaptation|Full Color,safe,5,,8.04959183829508,,0,,,,,,
2026-09-24,2026-09-24T07:33:27.570080+00:00,0e117066-f6e7-44a7-a31f-34bf27b4e3fa,Nal Cha Beorin Sokkupchingu wa Jeon Yeochin i Gateun Banira Gollanhada,ko,completed,2023,Reincarnation|Action|Long Strip|Romance|Magic|Drama|School Life|Fantasy|Full Color,safe,72,7.2,8.078184608327222,,0,615501b7-0199-4b52-9477-3ffcd6657a30,1,1,fr,2026-09-13T19:51:59+00:00,120
2026-09-24,2026-09-24T07:33:27.570080+00:00,105c2a3e-0235-44a4-9b8c-42ae2c555e4e,"My Next-Door Neighbor, the Handsome Stalker Boy",ko,completed,2016,Long Strip|Romance|Comedy|Drama|Web Comic|Slice of Life|Full Color,safe,338,6.6667,8.017489002568396,,0,82d0b603-71ea-4fe4-a3c1-4fba4e70deb7,,7,en,2022-01-08T15:24:19+00:00,12
2026-09-24,2026-09-24T07:33:27.570080+00:00,135907b0-f623-4b4e-9024-959102905508,Nam Goong Sae Ga Prince,ko,completed,2020,Action|Long Strip|Survival|Martial Arts|Adventure|Drama|Adaptation|Full Color,safe,490,7.3182,7.995967238475291,,5,,,,,,
2026-09-24,2026-09-24T07:33:27.570080+00:00,2057c712-1d9b-48a1-ba8f-541756209036,Jolttaejado Appaneun Choeumira,ko,ongoing,2025,Action|Demons|Long Strip|Adventure|Isekai|Fantasy|Web Comic|Adaptation|Full Color,safe,13,,8.04959183829508,,0,,,,,,
2026-09-24,2026-09-24T07:33:27.570080+00:00,23ddcbae-7074-4f07-bd23-08177bf31412,Yongsa ui Ballad,ko,ongoing,2026,Action|Long Strip|Adventure|Fantasy|Full Color,safe,83,9.75,8.162137069796882,,0,,,,,,
2026-09-24,2026-09-24T07:33:27.570080+00:00,2c4c69a9-0f92-4af9-b22b-5ae66c934c32,Misfit on the Florida,ko,ongoing,2026,Historical|Long Strip|Boys' Love|Drama|Full Color,suggestive,39,6.25,8.05604256946767,,0,cca4b7bc-21ae-4058-b1ae-e0d84888c973,,9,en,2026-09-19T03:01:54+00:00,49
2026-09-24,2026-09-24T07:33:27.570080+00:00,39872c85-0375-4f6d-b333-213944337971,Cheonmanchongchun,ko,ongoing,2024,Long Strip|Romance|Comedy|Drama|School Life|Slice of Life|Full Color,safe,3,,8.04959183829508,,0,,,,,,
2026-09-24,2026-09-24T07:33:27.570080+00:00,3fc74fb2-ae93-4bb0-b912-a4c5d5f7b594,The Incognito Princess,ko,ongoing,2024,Reincarnation|Long Strip|Romance|Isekai|Fantasy|Villainess|Supernatural|Adaptation|Full Color,safe,4110,8.9305,8.702450715544828,,9,a92bed04-529c-41bb-bf10-20af1f811f8d,,44,en,2025-05-10T01:43:46+00:00,68
2026-09-24,2026-09-24T07:33:27.570080+00:00,412ab8fe-eca9-47c9-8f5c-f6deb75622e9,The Beloved Little Princess,ko,completed,2020,Reincarnation|Action|Long Strip|Romance|Comedy|Magic|Fantasy|Web Comic|Adaptation|Full Color,safe,46988,8.7132,8.68601561320172,,607,,,,,,
2026-09-24,2026-09-24T07:33:27.570080+00:00,429d98fa-1352-4adf-94d1-969efafec386,The Doctor Is Out,ko,hiatus,2022,Time Travel|Long Strip|Romance|Comedy|Drama|Fantasy|Adaptation|Full Color,safe,370,8.1429,8.116779734751427,,1,d079134b-a018-433d-9fd9-1f48d3d01040,,99,id,2025-11-21T14:04:24+00:00,18
2026-09-24,2026-09-24T07:33:27.570080+00:00,56691e99-ca6d-4360-bae1-0a0dfb85866b,Jungse Fantasy sok Mangnani Gyeongbijojang,ko,ongoing,2024,Monsters|Action|Demons|Long Strip|Magic|Drama|Fantasy|Adaptation|Full Color|Tragedy,safe,4943,8.6699,8.50556814706439,,7,f271c05b-1d0c-4dac-81a2-2d89eafdb10d,,4,pl,2025-04-16T08:16:40+00:00,101
2026-09-24,2026-09-24T07:33:27.570080+00:00,5a0b8181-1fe1-4f59-8b0b-60e720a3326c,Samnyumuga Cheonhajeirin,ko,ongoing,2026,Action|Long Strip|Martial Arts|Drama|Fantasy|Adaptation|Full Color,safe,4,,8.04959183829508,,0,,,,,,
2026-09-24,2026-09-24T07:33:27.570080+00:00,5c78dcc5-0393-457d-9e4f-3fde40ef1014,Mujehan ui Segyunsulsa,ko,ongoing,2026,Monsters|Action|Long Strip|Magic|Fantasy|Full Color,safe,13,8,8.11076866914732,,0,,,,,,
2026-09-24,2026-09-24T07:33:27.570080+00:00,6a50ffeb-9678-47b4-868e-15fe0febe188,My Darling Signed In,ko,completed,2017,Long Strip|Romance|Comedy|Boys' Love|Video Games|Web Comic|Full Color,safe,910,8.2785,8.175858318083053,,8,e3d50ade-42a5-4f95-a147-30a3c90e2a47,,3,en,2023-03-11T16:53:33+00:00,0
2026-09-24,2026-09-24T07:33:27.570080+00:00,6ebc38c9-367a-4fba-ab36-ad9a957ee7d1,백합의 우울,ko,completed,2023,Long Strip|Comedy|Girls' Love|Drama|School Life|Full Color,safe,203,9.0909,8.313096019917522,,0,92048c39-4849-4ee0-8b09-a31fcb8bcb0c,,62,id,2026-09-21T05:54:27+00:00,37
2026-09-24,2026-09-24T07:33:27.570080+00:00,7609c582-6361-436a-a09f-a273079eff1a,Modeun Geol Gieokhaneun Cheonjae Musa,ko,ongoing,2026,Time Travel|Action|Long Strip|Martial Arts|Fantasy|Full Color,safe,10,7.5,8.103073865357635,,0,,,,,,
2026-09-24,2026-09-24T07:33:27.570080+00:00,7a020035-69b2-41eb-89d6-bca97cb729df,Pahonhan Yeongaeneun Ending Oeen Jipchakaji Anneunda,ko,ongoing,2023,Long Strip|Romance|Magic|Isekai|Fantasy|Adaptation|Full Color,safe,165,6.8,8.017362231926858,,0,,,,,,
2026-09-24,2026-09-24T07:33:27.570080+00:00,7b93ac7f-410e-4431-b92d-1ce2a6f13f10,The Dignity of a Chaebol,ko,ongoing,,Reincarnation|Time Travel|Long Strip|Office Workers|Drama|Fantasy,safe,162,8.125,8.113235522185564,,0,,,,,,
2026-09-24,2026-09-24T07:33:27.570080+00:00,7da0c452-6d40-44db-80a5-9bc8baf558f1,The Father and the Daughter,ko,ongoing,2025,Long Strip|Romance|Fantasy|Full Color,safe,2482,8.4135,8.265925172394706,,3,,,,,,
2026-09-24,2026-09-24T07:33:27.570080+00:00,8367fa34-d0b2-480f-bc0d-66307099174b,I’d Rather Live as a Villain,ko,ongoing,2025,Long Strip|Office Workers|Drama|Web Comic|Adaptation|Full Color,safe,45,10,8.127136567669405,,0,a2874a66-1e10-4bbb-9fa5-768ba79ae7f1,,1,id,2025-09-22T12:49:21+00:00,33
2026-09-24,2026-09-24T07:33:27.570080+00:00,84805b94-6eeb-42ff-abb7-b2d8614c2804,Contract Marriage with the Second Lead,ko,completed,2025,Reincarnation|Long Strip|Romance|Isekai|Drama|Fantasy|Web Comic|Adaptation|Full Color,safe,42,8.5,8.124246176822163,,0,,,,,,
2026-09-24,2026-09-24T07:33:27.570080+00:00,8953c4fe-54fe-41df-93cf-c8ddb9307684,Neon Revenge,ko,completed,2020,Action|Long Strip|Comedy|Crime|Drama|Delinquents|Web Comic|Full Color,safe,3008,8.1582,8.14012705260124,,25,,,,,,
2026-09-24,2026-09-24T07:33:27.570080+00:00,9258cef1-3b0a-4a02-bccc-7e34580c5c2b,The Villainess Becomes a Mom,ko,completed,2022,Reincarnation|Time Travel|Long Strip|Romance|Magic|Isekai|Drama|Fantasy|Adaptation|Full Color,safe,4838,7.3942,7.622834205513238,,0,01e6dd3b-1d57-41b7-b83f-b4a2bebc146c,1,20,pt-br,2026-09-16T10:33:35+00:00,59
2026-09-24,2026-09-24T07:33:27.570080+00:00,999f8fac-db53-48cc-9030-1c0ad19c9812,Wanjeonmugyeolhan Gongjangnimkke,ko,ongoing,2025,Long Strip|Romance|Drama|Fantasy|Web Comic|Adaptation|Full Color,suggestive,39,,8.04959183829508,,0,,,,,,
2026-09-24,2026-09-24T07:33:27.570080+00:00,9cfa0ad8-5c01-4d03-823d-117470f540d7,Punghon,ko,completed,2020,Action|Long Strip|Martial Arts|Adventure|Drama|Fantasy|Web Comic|Adaptation|Full Color,safe,373,8.1111,8.11232871765042,,0,9abd6710-7ffd-41f2-a2a5-abb0947e970b,,21,pt-br,2025-09-27T18:48:53+00:00,21
2026-09-24,2026-09-24T07:33:27.570080+00:00,a6a21855-c647-483f-85cf-c17b8dd0ca58,The Archduke's Fabulous Fake Marriage,ko,ongoing,2023,Historical|Long Strip|Romance|Comedy|Isekai|Drama|Fantasy|Villainess|Adaptation|Full Color,safe,5136,8.2874,8.229832771119282,,5,c3fbc412-75f8-407d-820c-4a77d5aeb429,1,4,en,2024-02-06T17:49:28+00:00,0
2026-09-24,2026-09-24T07:33:27.570080+00:00,a972aebe-50fb-4dfe-8f61-0150f3659467,The Little Lady Behind the Scenes,ko,completed,2021,Reincarnation|Long Strip|Romance|Reverse Harem|Isekai|Drama|Fantasy|Adaptation|Full Color,safe,9911,8.766,8.650169908219556,,12,12a0c2e3-c48a-4eb7-b71e-f069e653569d,4,91,pt-br,2026-09-24T00:50:53+00:00,27
2026-09-24,2026-09-24T07:33:27.570080+00:00,aa81f925-593c-4e84-8277-c6cc683eb85f,Surviving as a Butler at the Connate Castle,ko,ongoing,2026,Long Strip|Romance|Comedy|Crossdressing|Drama|Fantasy|Cooking|Full Color,safe,188,8.2222,8.11971024860432,,0,19f48e50-012d-4970-922e-429f060e16da,,13,en,2026-09-08T21:09:04+00:00,17
2026-09-24,2026-09-24T07:33:27.570080+00:00,ae0b0102-1adf-4fbe-a87b-04dd2fdde0ca,모르는 만화에 빙의했다,ko,cancelled,,Reincarnation|Romance|Comedy|Harem|Isekai|Adaptation,safe,440,8,8.092897892722874,,0,,,,,,
2026-09-24,2026-09-24T07:33:27.570080+00:00,b00ca6fd-4fab-4c8f-a981-4a89cefc5d89,The Villainess Is Retiring,ko,hiatus,2021,Reincarnation|Demons|Long Strip|Romance|Comedy|Magic|Isekai|Fantasy|Villainess|Web Comic|Adaptation|Full Color,safe,36942,8.9417,8.885275459404287,,255,630d31c0-1e93-4ad1-b10c-de1e2258526d,2,73,es-la,2024-07-21T22:06:51+00:00,21
2026-09-24,2026-09-24T07:33:27.570080+00:00,b6f9aaad-6787-460c-bbb8-af9eb7bcc3e0,Pipyemul Namjuui Eommaga Doeeotda,ko,completed,2023,Long Strip|Romance|Magic|Fantasy|Adaptation|Full Color,safe,5976,8.5943,8.50495152148206,,7,5613328a-4f0c-4530-80cc-03bde4762efa,,25,pl,2026-05-19T17:39:04+00:00,91
2026-09-24,2026-09-24T07:33:27.570080+00:00,bbed470c-5ca5-45ec-8101-474323387734,Survivalism,ko,ongoing,2026,Sci-Fi|Monsters|Action|Long Strip|Survival|Adventure|Isekai|Gore|Horror|Fantasy|Full Color,suggestive,9981,7.819,7.871498274287908,,12,e7252c4e-6fc7-4539-8b1d-aee9172b0104,,11,en,2026-09-24T07:30:45+00:00,22
2026-09-24,2026-09-24T07:33:27.570080+00:00,bc890658-888f-41b1-a333-07cb5f5f3625,Gajang Widaehan Masulsa,ko,ongoing,2026,Sci-Fi|Action|Long Strip|Magic|Drama|Fantasy|Full Color,safe,12,,8.04959183829508,,0,,,,,,
2026-09-24,2026-09-24T07:33:27.570080+00:00,bdf3be62-4fcf-4190-be5a-cf0bc1f3d120,a jovem princesa e a esperança de um divórcio,ko,ongoing,2023,Reincarnation|Long Strip|Romance|Isekai|Fantasy|Adaptation|Full Color,safe,211,7.2222,8.05399659043837,,0,0457f7e5-f2c2-470e-8997-d1d3f87a693e,,119,pt-br,2026-09-02T11:55:32+00:00,0
2026-09-24,2026-09-24T07:33:27.570080+00:00,becc3f3f-4d73-4fe6-a1d1-d7c67c3c285d,Lotto 1-deung do Chulgeunhamnida,ko,ongoing,2024,Long Strip|Romance|Office Workers|Drama|Web Comic|Adaptation|Full Color,safe,329,7.65,8.049982186494528,,0,,,,,,
2026-09-24,2026-09-24T07:33:27.570080+00:00,c22759b2-f492-471c-a80f-37e672cfb3b4,CookieRun: OvenSmash,ko,ongoing,2026,Sci-Fi|Action|Adventure|Web Comic,safe,6,,8.04959183829508,,0,86d98261-79bf-413c-a637-d66480afe3f0,,8,es,2026-09-09T20:21:38+00:00,14
2026-09-24,2026-09-24T07:33:27.570080+00:00,d2a01e38-1c0d-4e4b-a9ae-21d119e8b326,Demon King of the Royal Class,ko,cancelled,2023,Reincarnation|Action|Demons|Long Strip|Comedy|Adventure|Magic|Harem|Isekai|School Life|Fantasy|Web Comic|Slice of Life|Adaptation|Full Color,safe,11367,8.6775,8.616004449799982,,29,ce4cd555-09c4-4e18-8a29-fa0d3ca64e43,2,69,it,2026-09-10T09:51:21+00:00,63
2026-09-24,2026-09-24T07:33:27.570080+00:00,d87c0ba8-de4b-4e71-a278-816d6a1c5805,"Life, Once Again!",ko,hiatus,2023,Time Travel|Long Strip|Romance|Drama|School Life|Fantasy|Web Comic|Slice of Life|Adaptation|Full Color|Tragedy,safe,1750,8.3838,8.23085899225338,,3,,,,,,
2026-09-24,2026-09-24T07:33:27.570080+00:00,db1f4c31-f92f-4f4f-a8c6-fc898e432888,Jeoldae Hoegwi,ko,ongoing,2024,Time Travel|Historical|Action|Long Strip|Martial Arts|Adventure|Wuxia|Fantasy|Adaptation|Full Color,suggestive,4420,9.0616,8.802620687929736,,6,21e4cff7-ddd1-4a04-a8cf-6b3570836afb,1,1,ro,2026-09-20T14:24:26+00:00,21
2026-09-24,2026-09-24T07:33:27.570080+00:00,dd16dbbc-c317-4f62-8cf5-3525b4083aab,Prologue-eseo 30-nyeoni Heulleotda,ko,ongoing,2026,Reincarnation|Action|Demons|Long Strip|Romance|Harem|Isekai|Drama|Web Comic|Adaptation|Full Color,safe,1228,8.4321,8.236388633629158,,1,34fe8a25-65b0-43c6-8079-dc24c633bfbf,,4,en,2026-08-23T00:07:15+00:00,28
2026-09-24,2026-09-24T07:33:27.570080+00:00,e24d2233-6fe7-4766-8074-d25671522da9,Gollyun e Yong i Sanda,ko,ongoing,2026,Action|Long Strip|Martial Arts|Adventure|Full Color,safe,2,,8.04959183829508,,0,,,,,,
2026-09-24,2026-09-24T07:33:27.570080+00:00,e7a92445-d4ee-411a-8680-17dfd699ee5f,The Nerd Next Door Turned Out To Be The Magic Tower Master,ko,ongoing,2026,Reincarnation|Romance|Comedy|Drama,safe,59,,8.04959183829508,,0,ce3e132c-ed8e-405f-b29b-0bc1ffaea855,,4,pt-br,2026-09-15T20:11:17+00:00,18
2026-09-24,2026-09-24T07:33:27.570080+00:00,f0aee247-e44a-48b1-a00c-194043e43829,Space Marine ege Sangtaechang i Saenggim,ko,ongoing,2026,Sci-Fi|Action|Long Strip|Military|Fantasy|Aliens|Full Color,safe,116,9.2143,8.221159029511123,,0,,,,,,
2026-09-24,2026-09-24T07:33:27.570080+00:00,fa6793c8-7523-4f4a-93a1-1f44fd8110c4,Nuna-deul eul Bulkkeunhage Mandeuneun Yeonha Namchin,ko,completed,2018,Oneshot|Romance|Web Comic,safe,926,7.8374,7.977666589746281,,0,fd5b57c6-5df3-41c3-b7d9-e42b981fd5d2,,,id,2023-04-30T01:08:40+00:00,2
2026-09-24,2026-09-24T07:33:27.570080+00:00,fcea68c1-e1fb-41bd-8eb0-3cd8d6d97e7e,Gananhan Yeongji-ui Ju-ini Doeo Beoryeotda,ko,ongoing,2024,Reincarnation|Long Strip|Romance|Drama|Fantasy|Web Comic|Adaptation|Full Color,safe,126,8.125,8.113235522185564,,1,3c2d92d5-075e-4a16-98b5-1e8f10b78639,,11,es-la,2026-09-07T22:57:09+00:00,34
2026-09-25,2026-09-25T07:42:37.181603+00:00,0017ab16-4f1f-452a-99d2-5f7dec895a67,Save the Earth!,ko,ongoing,2025,Long Strip|Romance|Comedy|Drama|School Life|Slice of Life|Full Color,safe,37,7.5,8.103073865357635,,2,85bb2a8f-5b35-46c2-9e86-b7b1d9964608,,14,en,2026-09-24T21:47:42+00:00,56
2026-09-25,2026-09-25T07:42:37.181603+00:00,00cbb62b-b002-464d-bda7-8e650338417e,World Extinction War,ko,ongoing,2026,Sci-Fi|Historical|Action|Long Strip|Martial Arts|Video Games|Magic|Isekai|Fantasy|Web Comic|Full Color,safe,519,8.7949,8.271896537782373,,2,c6be23f3-b6ec-4623-91ac-82e6c5c51127,,7,en,2026-09-23T16:20:48+00:00,29
2026-09-25,2026-09-25T07:42:37.181603+00:00,024daabd-a693-4f77-8d6a-7fd82e8b94f5,Grand Finale,ko,completed,2025,Sci-Fi|Action|Long Strip|Comedy|Adventure|Drama|Fantasy|Web Comic|Supernatural|Full Color,safe,1979,9.0533,8.620220902065096,,14,5d32f222-851f-486b-a119-176da79bc58a,,4,pt-br,2025-08-05T02:16:28+00:00,98
2026-09-25,2026-09-25T07:42:37.181603+00:00,0ab7ae56-2800-4426-819d-0cda91aad12a,The Blood Knight’s Villains,ko,cancelled,,Reincarnation|Action|Long Strip|Adventure|Isekai|Drama|Fantasy|Web Comic|Full Color,safe,496,7.0667,7.913871036359202,,0,,,,,,
2026-09-25,2026-09-25T07:42:37.181603+00:00,0db0c050-597e-4068-92e2-e57ea98d86b7,Meongmunsegareul Horyeonghaneun Agi Goyangiimnida,ko,ongoing,2026,Long Strip|Romance|Martial Arts|Fantasy|Adaptation|Full Color,safe,5,,8.04959183829508,,0,,,,,,
2026-09-25,2026-09-25T07:42:37.181603+00:00,0e117066-f6e7-44a7-a31f-34bf27b4e3fa,Nal Cha Beorin Sokkupchingu wa Jeon Yeochin i Gateun Banira Gollanhada,ko,completed,2023,Reincarnation|Action|Long Strip|Romance|Magic|Drama|School Life|Fantasy|Full Color,safe,76,7.2,8.078184608327222,,0,615501b7-0199-4b52-9477-3ffcd6657a30,1,1,fr,2026-09-13T19:51:59+00:00,120
2026-09-25,2026-09-25T07:42:37.181603+00:00,105c2a3e-0235-44a4-9b8c-42ae2c555e4e,"My Next-Door Neighbor, the Handsome Stalker Boy",ko,completed,2016,Long Strip|Romance|Comedy|Drama|Web Comic|Slice of Life|Full Color,safe,338,6.6667,8.017489002568396,,0,82d0b603-71ea-4fe4-a3c1-4fba4e70deb7,,7,en,2022-01-08T15:24:19+00:00,12
2026-09-25,2026-09-25T07:42:37.181603+00:00,135907b0-f623-4b4e-9024-959102905508,Nam Goong Sae Ga Prince,ko,completed,2020,Action|Long Strip|Survival|Martial Arts|Adventure|Drama|Adaptation|Full Color,safe,490,7.3182,7.995967238475291,,5,,,,,,
2026-09-25,2026-09-25T07:42:37.181603+00:00,2057c712-1d9b-48a1-ba8f-541756209036,Jolttaejado Appaneun Choeumira,ko,ongoing,2025,Action|Demons|Long Strip|Adventure|Isekai|Fantasy|Web Comic|Adaptation|Full Color,safe,13,,8.04959183829508,,0,,,,,,
2026-09-25,2026-09-25T07:42:37.181603+00:00,23ddcbae-7074-4f07-bd23-08177bf31412,Yongsa ui Ballad,ko,ongoing,2026,Action|Long Strip|Adventure|Fantasy|Full Color,safe,103,9.75,8.162137069796882,,0,,,,,,
2026-09-25,2026-09-25T07:42:37.181603+00:00,2c4c69a9-0f92-4af9-b22b-5ae66c934c32,Misfit on the Florida,ko,ongoing,2026,Historical|Long Strip|Boys' Love|Drama|Full Color,suggestive,41,6.25,8.05604256946767,,0,cca4b7bc-21ae-4058-b1ae-e0d84888c973,,9,en,2026-09-19T03:01:54+00:00,49
2026-09-25,2026-09-25T07:42:37.181603+00:00,39872c85-0375-4f6d-b333-213944337971,Cheonmanchongchun,ko,ongoing,2024,Long Strip|Romance|Comedy|Drama|School Life|Slice of Life|Full Color,safe,3,,8.04959183829508,,0,,,,,,
2026-09-25,2026-09-25T07:42:37.181603+00:00,3fc74fb2-ae93-4bb0-b912-a4c5d5f7b594,The Incognito Princess,ko,ongoing,2024,Reincarnation|Long Strip|Romance|Isekai|Fantasy|Villainess|Supernatural|Adaptation|Full Color,safe,4111,8.9305,8.702450715544828,,9,a92bed04-529c-41bb-bf10-20af1f811f8d,,44,en,2025-05-10T01:43:46+00:00,68
2026-09-25,2026-09-25T07:42:37.181603+00:00,412ab8fe-eca9-47c9-8f5c-f6deb75622e9,The Beloved Little Princess,ko,completed,2020,Reincarnation|Action|Long Strip|Romance|Comedy|Magic|Fantasy|Web Comic|Adaptation|Full Color,safe,46988,8.7132,8.68601561320172,,607,,,,,,
2026-09-25,2026-09-25T07:42:37.181603+00:00,429d98fa-1352-4adf-94d1-969efafec386,The Doctor Is Out,ko,hiatus,2022,Time Travel|Long Strip|Romance|Comedy|Drama|Fantasy|Adaptation|Full Color,safe,370,8.1429,8.116779734751427,,1,d079134b-a018-433d-9fd9-1f48d3d01040,,99,id,2025-11-21T14:04:24+00:00,18
2026-09-25,2026-09-25T07:42:37.181603+00:00,56691e99-ca6d-4360-bae1-0a0dfb85866b,Jungse Fantasy sok Mangnani Gyeongbijojang,ko,ongoing,2024,Monsters|Action|Demons|Long Strip|Magic|Drama|Fantasy|Adaptation|Full Color|Tragedy,safe,4942,8.6699,8.50556814706439,,7,f271c05b-1d0c-4dac-81a2-2d89eafdb10d,,4,pl,2025-04-16T08:16:40+00:00,101
2026-09-25,2026-09-25T07:42:37.181603+00:00,590ce306-df89-4cec-94c3-886d01422174,Angel or Villainess,ko,completed,2020,Reincarnation|Time Travel|Long Strip|Romance|Magic|Drama|Fantasy|Adaptation|Full Color|Tragedy,safe,25613,7.963,7.9808461419407655,,368,75386aed-c85f-4fb9-8ba8-aa625a55b6a6,,44,en,2021-09-11T12:12:46+00:00,10
2026-09-25,2026-09-25T07:42:37.181603+00:00,5a0b8181-1fe1-4f59-8b0b-60e720a3326c,Samnyumuga Cheonhajeirin,ko,ongoing,2026,Action|Long Strip|Martial Arts|Drama|Fantasy|Adaptation|Full Color,safe,4,,8.04959183829508,,0,,,,,,
2026-09-25,2026-09-25T07:42:37.181603+00:00,5c78dcc5-0393-457d-9e4f-3fde40ef1014,Mujehan ui Segyunsulsa,ko,ongoing,2026,Monsters|Action|Long Strip|Magic|Fantasy|Full Color,safe,13,8,8.11076866914732,,0,,,,,,
2026-09-25,2026-09-25T07:42:37.181603+00:00,6a50ffeb-9678-47b4-868e-15fe0febe188,My Darling Signed In,ko,completed,2017,Long Strip|Romance|Comedy|Boys' Love|Video Games|Web Comic|Full Color,safe,910,8.2785,8.175858318083053,,8,e3d50ade-42a5-4f95-a147-30a3c90e2a47,,3,en,2023-03-11T16:53:33+00:00,0
2026-09-25,2026-09-25T07:42:37.181603+00:00,6ebc38c9-367a-4fba-ab36-ad9a957ee7d1,백합의 우울,ko,completed,2023,Long Strip|Comedy|Girls' Love|Drama|School Life|Full Color,safe,209,9.1176,8.323511718768575,,0,92048c39-4849-4ee0-8b09-a31fcb8bcb0c,,62,id,2026-09-21T05:54:27+00:00,37
2026-09-25,2026-09-25T07:42:37.181603+00:00,7609c582-6361-436a-a09f-a273079eff1a,Modeun Geol Gieokhaneun Cheonjae Musa,ko,ongoing,2026,Time Travel|Action|Long Strip|Martial Arts|Fantasy|Full Color,safe,10,7.5,8.103073865357635,,0,,,,,,
2026-09-25,2026-09-25T07:42:37.181603+00:00,7a020035-69b2-41eb-89d6-bca97cb729df,Pahonhan Yeongaeneun Ending Oeen Jipchakaji Anneunda,ko,ongoing,2023,Long Strip|Romance|Magic|Isekai|Fantasy|Adaptation|Full Color,safe,165,6.8,8.017362231926858,,0,,,,,,
2026-09-25,2026-09-25T07:42:37.181603+00:00,7b93ac7f-410e-4431-b92d-1ce2a6f13f10,The Dignity of a Chaebol,ko,ongoing,,Reincarnation|Time Travel|Long Strip|Office Workers|Drama|Fantasy,safe,162,8.125,8.113235522185564,,0,,,,,,
2026-09-25,2026-09-25T07:42:37.181603+00:00,7da0c452-6d40-44db-80a5-9bc8baf558f1,The Father and the Daughter,ko,ongoing,2025,Long Strip|Romance|Fantasy|Full Color,safe,2482,8.4135,8.265925172394706,,3,,,,,,
2026-09-25,2026-09-25T07:42:37.181603+00:00,8367fa34-d0b2-480f-bc0d-66307099174b,I’d Rather Live as a Villain,ko,ongoing,2025,Long Strip|Office Workers|Drama|Web Comic|Adaptation|Full Color,safe,45,10,8.127136567669405,,0,a2874a66-1e10-4bbb-9fa5-768ba79ae7f1,,1,id,2025-09-22T12:49:21+00:00,33
2026-09-25,2026-09-25T07:42:37.181603+00:00,84805b94-6eeb-42ff-abb7-b2d8614c2804,Contract Marriage with the Second Lead,ko,completed,2025,Reincarnation|Long Strip|Romance|Isekai|Drama|Fantasy|Web Comic|Adaptation|Full Color,safe,43,8.5,8.124246176822163,,0,,,,,,
2026-09-25,2026-09-25T07:42:37.181603+00:00,9258cef1-3b0a-4a02-bccc-7e34580c5c2b,The Villainess Becomes a Mom,ko,completed,2022,Reincarnation|Time Travel|Long Strip|Romance|Magic|Isekai|Drama|Fantasy|Adaptation|Full Color,safe,4838,7.3942,7.622834205513238,,0,01e6dd3b-1d57-41b7-b83f-b4a2bebc146c,1,20,pt-br,2026-09-16T10:33:35+00:00,59
2026-09-25,2026-09-25T07:42:37.181603+00:00,999f8fac-db53-48cc-9030-1c0ad19c9812,Wanjeonmugyeolhan Gongjangnimkke,ko,ongoing,2025,Long Strip|Romance|Drama|Fantasy|Web Comic|Adaptation|Full Color,suggestive,39,,8.04959183829508,,0,,,,,,
2026-09-25,2026-09-25T07:42:37.181603+00:00,9cfa0ad8-5c01-4d03-823d-117470f540d7,Punghon,ko,completed,2020,Action|Long Strip|Martial Arts|Adventure|Drama|Fantasy|Web Comic|Adaptation|Full Color,safe,373,8.1111,8.11232871765042,,0,9abd6710-7ffd-41f2-a2a5-abb0947e970b,,21,pt-br,2025-09-27T18:48:53+00:00,21
2026-09-25,2026-09-25T07:42:37.181603+00:00,a972aebe-50fb-4dfe-8f61-0150f3659467,The Little Lady Behind the Scenes,ko,completed,2021,Reincarnation|Long Strip|Romance|Reverse Harem|Isekai|Drama|Fantasy|Adaptation|Full Color,safe,9914,8.766,8.650169908219556,,12,12a0c2e3-c48a-4eb7-b71e-f069e653569d,4,91,pt-br,2026-09-24T00:50:53+00:00,27
2026-09-25,2026-09-25T07:42:37.181603+00:00,aa81f925-593c-4e84-8277-c6cc683eb85f,Surviving as a Butler at the Connate Castle,ko,ongoing,2026,Long Strip|Romance|Comedy|Crossdressing|Drama|Fantasy|Cooking|Full Color,safe,191,8.2222,8.11971024860432,,0,19f48e50-012d-4970-922e-429f060e16da,,13,en,2026-09-08T21:09:04+00:00,17
2026-09-25,2026-09-25T07:42:37.181603+00:00,ae0b0102-1adf-4fbe-a87b-04dd2fdde0ca,모르는 만화에 빙의했다,ko,cancelled,,Reincarnation|Romance|Comedy|Harem|Isekai|Adaptation,safe,440,8,8.092897892722874,,0,,,,,,
2026-09-25,2026-09-25T07:42:37.181603+00:00,b00ca6fd-4fab-4c8f-a981-4a89cefc5d89,The Villainess Is Retiring,ko,hiatus,2021,Reincarnation|Demons|Long Strip|Romance|Comedy|Magic|Isekai|Fantasy|Villainess|Web Comic|Adaptation|Full Color,safe,36943,8.9417,8.885275459404287,,255,630d31c0-1e93-4ad1-b10c-de1e2258526d,2,73,es-la,2024-07-21T22:06:51+00:00,21
2026-09-25,2026-09-25T07:42:37.181603+00:00,b6f9aaad-6787-460c-bbb8-af9eb7bcc3e0,Pipyemul Namjuui Eommaga Doeeotda,ko,completed,2023,Long Strip|Romance|Magic|Fantasy|Adaptation|Full Color,safe,5990,8.5904,8.502046860306372,,7,5613328a-4f0c-4530-80cc-03bde4762efa,,25,pl,2026-05-19T17:39:04+00:00,91
2026-09-25,2026-09-25T07:42:37.181603+00:00,bbed470c-5ca5-45ec-8101-474323387734,Survivalism,ko,ongoing,2026,Sci-Fi|Monsters|Action|Long Strip|Survival|Adventure|Isekai|Gore|Horror|Fantasy|Full Color,suggestive,10134,7.7968,7.855426936336597,,12,00407fc9-fe16-4410-827c-92eee4146408,,12,en,2026-09-24T15:55:08+00:00,23
2026-09-25,2026-09-25T07:42:37.181603+00:00,bc890658-888f-41b1-a333-07cb5f5f3625,Gajang Widaehan Masulsa,ko,ongoing,2026,Sci-Fi|Action|Long Strip|Magic|Drama|Fantasy|Full Color,safe,12,,8.04959183829508,,0,,,,,,
2026-09-25,2026-09-25T07:42:37.181603+00:00,bdf3be62-4fcf-4190-be5a-cf0bc1f3d120,a jovem princesa e a esperança de um divórcio,ko,ongoing,2023,Reincarnation|Long Strip|Romance|Isekai|Fantasy|Adaptation|Full Color,safe,211,7.2222,8.05399659043837,,0,0457f7e5-f2c2-470e-8997-d1d3f87a693e,,119,pt-br,2026-09-02T11:55:32+00:00,0
2026-09-25,2026-09-25T07:42:37.181603+00:00,becc3f3f-4d73-4fe6-a1d1-d7c67c3c285d,Lotto 1-deung do Chulgeunhamnida,ko,ongoing,2024,Long Strip|Romance|Office Workers|Drama|Web Comic|Adaptation|Full Color,safe,329,7.65,8.049982186494528,,0,,,,,,
2026-09-25,2026-09-25T07:42:37.181603+00:00,c22759b2-f492-471c-a80f-37e672cfb3b4,CookieRun: OvenSmash,ko,ongoing,2026,Sci-Fi|Action|Adventure|Web Comic,safe,6,,8.04959183829508,,0,86d98261-79bf-413c-a637-d66480afe3f0,,8,es,2026-09-09T20:21:38+00:00,14
2026-09-25,2026-09-25T07:42:37.181603+00:00,d2a01e38-1c0d-4e4b-a9ae-21d119e8b326,Demon King of the Royal Class,ko,cancelled,2023,Reincarnation|Action|Demons|Long Strip|Comedy|Adventure|Magic|Harem|Isekai|School Life|Fantasy|Web Comic|Slice of Life|Adaptation|Full Color,safe,11367,8.6775,8.616004449799982,,29,ce4cd555-09c4-4e18-8a29-fa0d3ca64e43,2,69,it,2026-09-10T09:51:21+00:00,63
2026-09-25,2026-09-25T07:42:37.181603+00:00,d87c0ba8-de4b-4e71-a278-816d6a1c5805,"Life, Once Again!",ko,hiatus,2023,Time Travel|Long Strip|Romance|Drama|School Life|Fantasy|Web Comic|Slice of Life|Adaptation|Full Color|Tragedy,safe,1750,8.3838,8.23085899225338,,3,,,,,,
2026-09-25,2026-09-25T07:42:37.181603+00:00,db1f4c31-f92f-4f4f-a8c6-fc898e432888,Jeoldae Hoegwi,ko,ongoing,2024,Time Travel|Historical|Action|Long Strip|Martial Arts|Adventure|Wuxia|Fantasy|Adaptation|Full Color,suggestive,4425,9.0585,8.800912831102352,,6,21e4cff7-ddd1-4a04-a8cf-6b3570836afb,1,1,ro,2026-09-20T14:24:26+00:00,21
2026-09-25,2026-09-25T07:42:37.181603+00:00,dd16dbbc-c317-4f62-8cf5-3525b4083aab,Prologue-eseo 30-nyeoni Heulleotda,ko,ongoing,2026,Reincarnation|Action|Demons|Long Strip|Romance|Harem|Isekai|Drama|Web Comic|Adaptation|Full Color,safe,1250,8.4321,8.236388633629158,,1,34fe8a25-65b0-43c6-8079-dc24c633bfbf,,4,en,2026-08-23T00:07:15+00:00,28
2026-09-25,2026-09-25T07:42:37.181603+00:00,e24d2233-6fe7-4766-8074-d25671522da9,Gollyun e Yong i Sanda,ko,ongoing,2026,Action|Long Strip|Martial Arts|Adventure|Full Color,safe,3,,8.04959183829508,,0,,,,,,
2026-09-25,2026-09-25T07:42:37.181603+00:00,e7a92445-d4ee-411a-8680-17dfd699ee5f,The Nerd Next Door Turned Out To Be The Magic Tower Master,ko,ongoing,2026,Reincarnation|Romance|Comedy|Drama,safe,60,,8.04959183829508,,0,ce3e132c-ed8e-405f-b29b-0bc1ffaea855,,4,pt-br,2026-09-15T20:11:17+00:00,18
2026-09-25,2026-09-25T07:42:37.181603+00:00,f0aee247-e44a-48b1-a00c-194043e43829,Space Marine ege Sangtaechang i Saenggim,ko,ongoing,2026,Sci-Fi|Action|Long Strip|Military|Fantasy|Aliens|Full Color,safe,134,9.2143,8.221159029511123,,0,,,,,,
2026-09-25,2026-09-25T07:42:37.181603+00:00,fa6793c8-7523-4f4a-93a1-1f44fd8110c4,Nuna-deul eul Bulkkeunhage Mandeuneun Yeonha Namchin,ko,completed,2018,Oneshot|Romance|Web Comic,safe,926,7.8374,7.977666589746281,,0,fd5b57c6-5df3-41c3-b7d9-e42b981fd5d2,,,id,2023-04-30T01:08:40+00:00,2
2026-09-25,2026-09-25T07:42:37.181603+00:00,fcea68c1-e1fb-41bd-8eb0-3cd8d6d97e7e,Gananhan Yeongji-ui Ju-ini Doeo Beoryeotda,ko,ongoing,2024,Reincarnation|Long Strip|Romance|Drama|Fantasy|Web Comic|Adaptation|Full Color,safe,126,8.125,8.113235522185564,,1,3c2d92d5-075e-4a16-98b5-1e8f10b78639,,11,es-la,2026-09-07T22:57:09+00:00,34
2026-09-25,2026-09-25T07:42:37.181603+00:00,fe7d5dbe-6f0a-42ed-9a83-67a4315bd3ee,Hunter Sesang-ui Jeongwonsa,ko,completed,2024,Animals|Long Strip|Adventure|Fantasy|Web Comic|Full Color,safe,5114,8.3877,8.327163320326234,,5,3120aa89-9960-426f-8b2a-e905ec7968a7,2,74,en,2026-01-06T04:32:33+00:00,50
2026-09-26,2026-09-26T07:35:41.057976+00:00,0017ab16-4f1f-452a-99d2-5f7dec895a67,Save the Earth!,ko,ongoing,2025,Long Strip|Romance|Comedy|Drama|School Life|Slice of Life|Full Color,safe,45,7.5,8.103073865357635,,2,a8246c8e-4eec-4d65-8c78-0d57903095ca,,15,en,2026-09-26T00:43:31+00:00,57
2026-09-26,2026-09-26T07:35:41.057976+00:00,00cbb62b-b002-464d-bda7-8e650338417e,World Extinction War,ko,ongoing,2026,Sci-Fi|Historical|Action|Long Strip|Martial Arts|Video Games|Magic|Isekai|Fantasy|Web Comic|Full Color,safe,542,8.8605,8.300631190411416,,2,c6be23f3-b6ec-4623-91ac-82e6c5c51127,,7,en,2026-09-23T16:20:48+00:00,29
2026-09-26,2026-09-26T07:35:41.057976+00:00,024daabd-a693-4f77-8d6a-7fd82e8b94f5,Grand Finale,ko,completed,2025,Sci-Fi|Action|Long Strip|Comedy|Adventure|Drama|Fantasy|Web Comic|Supernatural|Full Color,safe,1979,9.0533,8.620220902065096,,14,5d32f222-851f-486b-a119-176da79bc58a,,4,pt-br,2025-08-05T02:16:28+00:00,98
2026-09-26,2026-09-26T07:35:41.057976+00:00,0ab7ae56-2800-4426-819d-0cda91aad12a,The Blood Knight’s Villains,ko,cancelled,,Reincarnation|Action|Long Strip|Adventure|Isekai|Drama|Fantasy|Web Comic|Full Color,safe,496,7.0667,7.913871036359202,,0,,,,,,
2026-09-26,2026-09-26T07:35:41.057976+00:00,0db0c050-597e-4068-92e2-e57ea98d86b7,Meongmunsegareul Horyeonghaneun Agi Goyangiimnida,ko,ongoing,2026,Long Strip|Romance|Martial Arts|Fantasy|Adaptation|Full Color,safe,5,,8.04959183829508,,0,,,,,,
2026-09-26,2026-09-26T07:35:41.057976+00:00,0e117066-f6e7-44a7-a31f-34bf27b4e3fa,Nal Cha Beorin Sokkupchingu wa Jeon Yeochin i Gateun Banira Gollanhada,ko,completed,2023,Reincarnation|Action|Long Strip|Romance|Magic|Drama|School Life|Fantasy|Full Color,safe,81,7.2,8.078184608327222,,0,615501b7-0199-4b52-9477-3ffcd6657a30,1,1,fr,2026-09-13T19:51:59+00:00,120
2026-09-26,2026-09-26T07:35:41.057976+00:00,105c2a3e-0235-44a4-9b8c-42ae2c555e4e,"My Next-Door Neighbor, the Handsome Stalker Boy",ko,completed,2016,Long Strip|Romance|Comedy|Drama|Web Comic|Slice of Life|Full Color,safe,338,6.6667,8.017489002568396,,0,82d0b603-71ea-4fe4-a3c1-4fba4e70deb7,,7,en,2022-01-08T15:24:19+00:00,12
2026-09-26,2026-09-26T07:35:41.057976+00:00,135907b0-f623-4b4e-9024-959102905508,Nam Goong Sae Ga Prince,ko,completed,2020,Action|Long Strip|Survival|Martial Arts|Adventure|Drama|Adaptation|Full Color,safe,490,7.3182,7.995967238475291,,5,,,,,,
2026-09-26,2026-09-26T07:35:41.057976+00:00,2057c712-1d9b-48a1-ba8f-541756209036,Jolttaejado Appaneun Choeumira,ko,ongoing,2025,Action|Demons|Long Strip|Adventure|Isekai|Fantasy|Web Comic|Adaptation|Full Color,safe,14,,8.04959183829508,,0,,,,,,
2026-09-26,2026-09-26T07:35:41.057976+00:00,23ddcbae-7074-4f07-bd23-08177bf31412,Yongsa ui Ballad,ko,ongoing,2026,Action|Long Strip|Adventure|Fantasy|Full Color,safe,117,9,8.145875243955718,,0,,,,,,
2026-09-26,2026-09-26T07:35:41.057976+00:00,2c4c69a9-0f92-4af9-b22b-5ae66c934c32,Misfit on the Florida,ko,ongoing,2026,Historical|Long Strip|Boys' Love|Drama|Full Color,suggestive,42,6.25,8.05604256946767,,0,cca4b7bc-21ae-4058-b1ae-e0d84888c973,,9,en,2026-09-19T03:01:54+00:00,49
2026-09-26,2026-09-26T07:35:41.057976+00:00,39872c85-0375-4f6d-b333-213944337971,Cheonmanchongchun,ko,ongoing,2024,Long Strip|Romance|Comedy|Drama|School Life|Slice of Life|Full Color,safe,3,,8.04959183829508,,0,,,,,,
2026-09-26,2026-09-26T07:35:41.057976+00:00,3fc74fb2-ae93-4bb0-b912-a4c5d5f7b594,The Incognito Princess,ko,ongoing,2024,Reincarnation|Long Strip|Romance|Isekai|Fantasy|Villainess|Supernatural|Adaptation|Full Color,safe,4112,8.9305,8.702450715544828,,9,a92bed04-529c-41bb-bf10-20af1f811f8d,,44,en,2025-05-10T01:43:46+00:00,68
2026-09-26,2026-09-26T07:35:41.057976+00:00,412ab8fe-eca9-47c9-8f5c-f6deb75622e9,The Beloved Little Princess,ko,completed,2020,Reincarnation|Action|Long Strip|Romance|Comedy|Magic|Fantasy|Web Comic|Adaptation|Full Color,safe,46987,8.7132,8.68601561320172,,607,,,,,,
2026-09-26,2026-09-26T07:35:41.057976+00:00,429d98fa-1352-4adf-94d1-969efafec386,The Doctor Is Out,ko,hiatus,2022,Time Travel|Long Strip|Romance|Comedy|Drama|Fantasy|Adaptation|Full Color,safe,370,8.1429,8.116779734751427,,1,d079134b-a018-433d-9fd9-1f48d3d01040,,99,id,2025-11-21T14:04:24+00:00,18
2026-09-26,2026-09-26T07:35:41.057976+00:00,56691e99-ca6d-4360-bae1-0a0dfb85866b,Jungse Fantasy sok Mangnani Gyeongbijojang,ko,ongoing,2024,Monsters|Action|Demons|Long Strip|Magic|Drama|Fantasy|Adaptation|Full Color|Tragedy,safe,4942,8.6699,8.50556814706439,,7,f271c05b-1d0c-4dac-81a2-2d89eafdb10d,,4,pl,2025-04-16T08:16:40+00:00,101
2026-09-26,2026-09-26T07:35:41.057976+00:00,590ce306-df89-4cec-94c3-886d01422174,Angel or Villainess,ko,completed,2020,Reincarnation|Time Travel|Long Strip|Romance|Magic|Drama|Fantasy|Adaptation|Full Color|Tragedy,safe,25613,7.963,7.9808461419407655,,368,75386aed-c85f-4fb9-8ba8-aa625a55b6a6,,44,en,2021-09-11T12:12:46+00:00,10
2026-09-26,2026-09-26T07:35:41.057976+00:00,5a0b8181-1fe1-4f59-8b0b-60e720a3326c,Samnyumuga Cheonhajeirin,ko,ongoing,2026,Action|Long Strip|Martial Arts|Drama|Fantasy|Adaptation|Full Color,safe,4,,8.04959183829508,,0,,,,,,
2026-09-26,2026-09-26T07:35:41.057976+00:00,5c78dcc5-0393-457d-9e4f-3fde40ef1014,Mujehan ui Segyunsulsa,ko,ongoing,2026,Monsters|Action|Long Strip|Magic|Fantasy|Full Color,safe,13,8,8.11076866914732,,0,,,,,,
2026-09-26,2026-09-26T07:35:41.057976+00:00,6a50ffeb-9678-47b4-868e-15fe0febe188,My Darling Signed In,ko,completed,2017,Long Strip|Romance|Comedy|Boys' Love|Video Games|Web Comic|Full Color,safe,910,8.2785,8.175858318083053,,8,e3d50ade-42a5-4f95-a147-30a3c90e2a47,,3,en,2023-03-11T16:53:33+00:00,0
2026-09-26,2026-09-26T07:35:41.057976+00:00,6ebc38c9-367a-4fba-ab36-ad9a957ee7d1,백합의 우울,ko,completed,2023,Long Strip|Comedy|Girls' Love|Drama|School Life|Full Color,safe,215,9.1176,8.323511718768575,,0,92048c39-4849-4ee0-8b09-a31fcb8bcb0c,,62,id,2026-09-21T05:54:27+00:00,37
2026-09-26,2026-09-26T07:35:41.057976+00:00,7609c582-6361-436a-a09f-a273079eff1a,Modeun Geol Gieokhaneun Cheonjae Musa,ko,ongoing,2026,Time Travel|Action|Long Strip|Martial Arts|Fantasy|Full Color,safe,10,7.5,8.103073865357635,,0,,,,,,
2026-09-26,2026-09-26T07:35:41.057976+00:00,7a020035-69b2-41eb-89d6-bca97cb729df,Pahonhan Yeongaeneun Ending Oeen Jipchakaji Anneunda,ko,ongoing,2023,Long Strip|Romance|Magic|Isekai|Fantasy|Adaptation|Full Color,safe,165,6.8,8.017362231926858,,0,,,,,,
2026-09-26,2026-09-26T07:35:41.057976+00:00,7b93ac7f-410e-4431-b92d-1ce2a6f13f10,The Dignity of a Chaebol,ko,ongoing,,Reincarnation|Time Travel|Long Strip|Office Workers|Drama|Fantasy,safe,162,8.125,8.113235522185564,,0,,,,,,
2026-09-26,2026-09-26T07:35:41.057976+00:00,7da0c452-6d40-44db-80a5-9bc8baf558f1,The Father and the Daughter,ko,ongoing,2025,Long Strip|Romance|Fantasy|Full Color,safe,2482,8.4135,8.265925172394706,,3,,,,,,
2026-09-26,2026-09-26T07:35:41.057976+00:00,8367fa34-d0b2-480f-bc0d-66307099174b,I’d Rather Live as a Villain,ko,ongoing,2025,Long Strip|Office Workers|Drama|Web Comic|Adaptation|Full Color,safe,45,10,8.127136567669405,,0,a2874a66-1e10-4bbb-9fa5-768ba79ae7f1,,1,id,2025-09-22T12:49:21+00:00,33
2026-09-26,2026-09-26T07:35:41.057976+00:00,84805b94-6eeb-42ff-abb7-b2d8614c2804,Contract Marriage with the Second Lead,ko,completed,2025,Reincarnation|Long Strip|Romance|Isekai|Drama|Fantasy|Web Comic|Adaptation|Full Color,safe,43,8.5,8.124246176822163,,0,,,,,,
2026-09-26,2026-09-26T07:35:41.057976+00:00,9258cef1-3b0a-4a02-bccc-7e34580c5c2b,The Villainess Becomes a Mom,ko,completed,2022,Reincarnation|Time Travel|Long Strip|Romance|Magic|Isekai|Drama|Fantasy|Adaptation|Full Color,safe,4843,7.3942,7.622834205513238,,0,f7349114-e430-4eb2-bf59-f4a1fff3b07f,1,21,pt-br,2026-09-26T00:08:20+00:00,56
2026-09-26,2026-09-26T07:35:41.057976+00:00,999f8fac-db53-48cc-9030-1c0ad19c9812,Wanjeonmugyeolhan Gongjangnimkke,ko,ongoing,2025,Long Strip|Romance|Drama|Fantasy|Web Comic|Adaptation|Full Color,suggestive,39,,8.04959183829508,,0,,,,,,
2026-09-26,2026-09-26T07:35:41.057976+00:00,9cfa0ad8-5c01-4d03-823d-117470f540d7,Punghon,ko,completed,2020,Action|Long Strip|Martial Arts|Adventure|Drama|Fantasy|Web Comic|Adaptation|Full Color,safe,373,8.1111,8.11232871765042,,0,9abd6710-7ffd-41f2-a2a5-abb0947e970b,,21,pt-br,2025-09-27T18:48:53+00:00,21
2026-09-26,2026-09-26T07:35:41.057976+00:00,a972aebe-50fb-4dfe-8f61-0150f3659467,The Little Lady Behind the Scenes,ko,completed,2021,Reincarnation|Long Strip|Romance|Reverse Harem|Isekai|Drama|Fantasy|Adaptation|Full Color,safe,9918,8.766,8.650169908219556,,12,2b6bc35e-e953-4ffb-b5dd-b9509396ebff,4,92,pt-br,2026-09-26T00:20:06+00:00,26
2026-09-26,2026-09-26T07:35:41.057976+00:00,aa81f925-593c-4e84-8277-c6cc683eb85f,Surviving as a Butler at the Connate Castle,ko,ongoing,2026,Long Strip|Romance|Comedy|Crossdressing|Drama|Fantasy|Cooking|Full Color,safe,191,8.2222,8.11971024860432,,0,19f48e50-012d-4970-922e-429f060e16da,,13,en,2026-09-08T21:09:04+00:00,17
2026-09-26,2026-09-26T07:35:41.057976+00:00,ae0b0102-1adf-4fbe-a87b-04dd2fdde0ca,모르는 만화에 빙의했다,ko,cancelled,,Reincarnation|Romance|Comedy|Harem|Isekai|Adaptation,safe,440,8,8.092897892722874,,0,,,,,,
2026-09-26,2026-09-26T07:35:41.057976+00:00,b00ca6fd-4fab-4c8f-a981-4a89cefc5d89,The Villainess Is Retiring,ko,hiatus,2021,Reincarnation|Demons|Long Strip|Romance|Comedy|Magic|Isekai|Fantasy|Villainess|Web Comic|Adaptation|Full Color,safe,36943,8.9417,8.885275459404287,,255,630d31c0-1e93-4ad1-b10c-de1e2258526d,2,73,es-la,2024-07-21T22:06:51+00:00,21
2026-09-26,2026-09-26T07:35:41.057976+00:00,b6f9aaad-6787-460c-bbb8-af9eb7bcc3e0,Pipyemul Namjuui Eommaga Doeeotda,ko,completed,2023,Long Strip|Romance|Magic|Fantasy|Adaptation|Full Color,safe,6001,8.5919,8.503481970967067,,7,5613328a-4f0c-4530-80cc-03bde4762efa,,25,pl,2026-05-19T17:39:04+00:00,91
2026-09-26,2026-09-26T07:35:41.057976+00:00,bbed470c-5ca5-45ec-8101-474323387734,Survivalism,ko,ongoing,2026,Sci-Fi|Monsters|Action|Long Strip|Survival|Adventure|Isekai|Gore|Horror|Fantasy|Full Color,suggestive,10184,7.8018,7.859147642192536,,12,00407fc9-fe16-4410-827c-92eee4146408,,12,en,2026-09-24T15:55:08+00:00,23
2026-09-26,2026-09-26T07:35:41.057976+00:00,bc890658-888f-41b1-a333-07cb5f5f3625,Gajang Widaehan Masulsa,ko,ongoing,2026,Sci-Fi|Action|Long Strip|Magic|Drama|Fantasy|Full Color,safe,15,,8.04959183829508,,0,,,,,,
2026-09-26,2026-09-26T07:35:41.057976+00:00,bdf3be62-4fcf-4190-be5a-cf0bc1f3d120,a jovem princesa e a esperança de um divórcio,ko,ongoing,2023,Reincarnation|Long Strip|Romance|Isekai|Fantasy|Adaptation|Full Color,safe,211,7.2222,8.05399659043837,,0,0457f7e5-f2c2-470e-8997-d1d3f87a693e,,119,pt-br,2026-09-02T11:55:32+00:00,0
2026-09-26,2026-09-26T07:35:41.057976+00:00,becc3f3f-4d73-4fe6-a1d1-d7c67c3c285d,Lotto 1-deung do Chulgeunhamnida,ko,ongoing,2024,Long Strip|Romance|Office Workers|Drama|Web Comic|Adaptation|Full Color,safe,329,7.65,8.049982186494528,,0,,,,,,
2026-09-26,2026-09-26T07:35:41.057976+00:00,c22759b2-f492-471c-a80f-37e672cfb3b4,CookieRun: OvenSmash,ko,ongoing,2026,Sci-Fi|Action|Adventure|Web Comic,safe,6,,8.04959183829508,,0,86d98261-79bf-413c-a637-d66480afe3f0,,8,es,2026-09-09T20:21:38+00:00,14
2026-09-26,2026-09-26T07:35:41.057976+00:00,d2a01e38-1c0d-4e4b-a9ae-21d119e8b326,Demon King of the Royal Class,ko,cancelled,2023,Reincarnation|Action|Demons|Long Strip|Comedy|Adventure|Magic|Harem|Isekai|School Life|Fantasy|Web Comic|Slice of Life|Adaptation|Full Color,safe,11366,8.6787,8.617180359008747,,29,ce4cd555-09c4-4e18-8a29-fa0d3ca64e43,2,69,it,2026-09-10T09:51:21+00:00,63
2026-09-26,2026-09-26T07:35:41.057976+00:00,d87c0ba8-de4b-4e71-a278-816d6a1c5805,"Life, Once Again!",ko,hiatus,2023,Time Travel|Long Strip|Romance|Drama|School Life|Fantasy|Web Comic|Slice of Life|Adaptation|Full Color|Tragedy,safe,1750,8.3838,8.23085899225338,,3,,,,,,
2026-09-26,2026-09-26T07:35:41.057976+00:00,db1f4c31-f92f-4f4f-a8c6-fc898e432888,Jeoldae Hoegwi,ko,ongoing,2024,Time Travel|Historical|Action|Long Strip|Martial Arts|Adventure|Wuxia|Fantasy|Adaptation|Full Color,suggestive,4428,9.0583,8.801335559330589,,6,21e4cff7-ddd1-4a04-a8cf-6b3570836afb,1,1,ro,2026-09-20T14:24:26+00:00,21
2026-09-26,2026-09-26T07:35:41.057976+00:00,dd16dbbc-c317-4f62-8cf5-3525b4083aab,Prologue-eseo 30-nyeoni Heulleotda,ko,ongoing,2026,Reincarnation|Action|Demons|Long Strip|Romance|Harem|Isekai|Drama|Web Comic|Adaptation|Full Color,safe,1272,8.4512,8.244788469774395,,1,34fe8a25-65b0-43c6-8079-dc24c633bfbf,,4,en,2026-08-23T00:07:15+00:00,28
2026-09-26,2026-09-26T07:35:41.057976+00:00,e24d2233-6fe7-4766-8074-d25671522da9,Gollyun e Yong i Sanda,ko,ongoing,2026,Action|Long Strip|Martial Arts|Adventure|Full Color,safe,3,,8.04959183829508,,0,,,,,,
2026-09-26,2026-09-26T07:35:41.057976+00:00,e7a92445-d4ee-411a-8680-17dfd699ee5f,The Nerd Next Door Turned Out To Be The Magic Tower Master,ko,ongoing,2026,Reincarnation|Romance|Comedy|Drama,safe,60,,8.04959183829508,,0,ce3e132c-ed8e-405f-b29b-0bc1ffaea855,,4,pt-br,2026-09-15T20:11:17+00:00,18
2026-09-26,2026-09-26T07:35:41.057976+00:00,f0aee247-e44a-48b1-a00c-194043e43829,Space Marine ege Sangtaechang i Saenggim,ko,ongoing,2026,Sci-Fi|Action|Long Strip|Military|Fantasy|Aliens|Full Color,safe,142,9.2143,8.221159029511123,,0,,,,,,
2026-09-26,2026-09-26T07:35:41.057976+00:00,fa6793c8-7523-4f4a-93a1-1f44fd8110c4,Nuna-deul eul Bulkkeunhage Mandeuneun Yeonha Namchin,ko,completed,2018,Oneshot|Romance|Web Comic,safe,926,7.8374,7.977666589746281,,0,fd5b57c6-5df3-41c3-b7d9-e42b981fd5d2,,,id,2023-04-30T01:08:40+00:00,2
2026-09-26,2026-09-26T07:35:41.057976+00:00,fcea68c1-e1fb-41bd-8eb0-3cd8d6d97e7e,Gananhan Yeongji-ui Ju-ini Doeo Beoryeotda,ko,ongoing,2024,Reincarnation|Long Strip|Romance|Drama|Fantasy|Web Comic|Adaptation|Full Color,safe,126,8.125,8.113235522185564,,1,3c2d92d5-075e-4a16-98b5-1e8f10b78639,,11,es-la,2026-09-07T22:57:09+00:00,34
2026-09-26,2026-09-26T07:35:41.057976+00:00,fe7d5dbe-6f0a-42ed-9a83-67a4315bd3ee,Hunter Sesang-ui Jeongwonsa,ko,completed,2024,Animals|Long Strip|Adventure|Fantasy|Web Comic|Full Color,safe,5114,8.3877,8.327163320326234,,5,3120aa89-9960-426f-8b2a-e905ec7968a7,2,74,en,2026-01-06T04:32:33+00:00,50
2026-09-27,2026-09-27T08:03:29.766988+00:00,0017ab16-4f1f-452a-99d2-5f7dec895a67,Save the Earth!,ko,ongoing,2025,Long Strip|Romance|Comedy|Drama|School Life|Slice of Life|Full Color,safe,56,7.5,8.103073865357635,,2,b5d51a0c-aa73-498c-ae22-72dc5d8dcded,,16,en,2026-09-27T00:06:47+00:00,44
2026-09-27,2026-09-27T08:03:29.766988+00:00,00cbb62b-b002-464d-bda7-8e650338417e,World Extinction War,ko,ongoing,2026,Sci-Fi|Historical|Action|Long Strip|Martial Arts|Video Games|Magic|Isekai|Fantasy|Web Comic|Full Color,safe,563,8.8696,8.312692196421484,,2,c6be23f3-b6ec-4623-91ac-82e6c5c51127,,7,en,2026-09-23T16:20:48+00:00,29
2026-09-27,2026-09-27T08:03:29.766988+00:00,024daabd-a693-4f77-8d6a-7fd82e8b94f5,Grand Finale,ko,completed,2025,Sci-Fi|Action|Long Strip|Comedy|Adventure|Drama|Fantasy|Web Comic|Supernatural|Full Color,safe,1978,9.0533,8.620220902065096,,14,5d32f222-851f-486b-a119-176da79bc58a,,4,pt-br,2025-08-05T02:16:28+00:00,98
2026-09-27,2026-09-27T08:03:29.766988+00:00,086ca5e0-17ea-4d28-82ef-6b8eef680c60,The Curious Case of Chronicle,ko,completed,2023,Reincarnation|Sci-Fi|Monsters|Action|Long Strip|Martial Arts|Virtual Reality|Video Games|Magic|Military|Isekai|Drama|Fantasy|Full Color,safe,4471,8.5182,8.409943271261039,,13,,,,,,
2026-09-27,2026-09-27T08:03:29.766988+00:00,0ab7ae56-2800-4426-819d-0cda91aad12a,The Blood Knight’s Villains,ko,cancelled,,Reincarnation|Action|Long Strip|Adventure|Isekai|Drama|Fantasy|Web Comic|Full Color,safe,496,7.0667,7.913871036359202,,0,,,,,,
2026-09-27,2026-09-27T08:03:29.766988+00:00,0db0c050-597e-4068-92e2-e57ea98d86b7,Meongmunsegareul Horyeonghaneun Agi Goyangiimnida,ko,ongoing,2026,Long Strip|Romance|Martial Arts|Fantasy|Adaptation|Full Color,safe,5,,8.04959183829508,,0,,,,,,
2026-09-27,2026-09-27T08:03:29.766988+00:00,0e117066-f6e7-44a7-a31f-34bf27b4e3fa,Nal Cha Beorin Sokkupchingu wa Jeon Yeochin i Gateun Banira Gollanhada,ko,completed,2023,Reincarnation|Action|Long Strip|Romance|Magic|Drama|School Life|Fantasy|Full Color,safe,83,7.2,8.078184608327222,,0,615501b7-0199-4b52-9477-3ffcd6657a30,1,1,fr,2026-09-13T19:51:59+00:00,120
2026-09-27,2026-09-27T08:03:29.766988+00:00,0ee13733-f3fd-45b5-8a9e-f306b29856e3,The Villain's Daughter Plans to Run Away,ko,ongoing,2024,Long Strip|Romance|Fantasy|Villainess|Adaptation|Full Color,safe,899,7.7273,8.013929321155915,,0,ab318727-3d6b-4c4e-b93e-2f2ed352692b,,106,pt-br,2026-09-09T05:50:11+00:00,0
2026-09-27,2026-09-27T08:03:29.766988+00:00,105c2a3e-0235-44a4-9b8c-42ae2c555e4e,"My Next-Door Neighbor, the Handsome Stalker Boy",ko,completed,2016,Long Strip|Romance|Comedy|Drama|Web Comic|Slice of Life|Full Color,safe,338,6.6667,8.017489002568396,,0,82d0b603-71ea-4fe4-a3c1-4fba4e70deb7,,7,en,2022-01-08T15:24:19+00:00,12
2026-09-27,2026-09-27T08:03:29.766988+00:00,135907b0-f623-4b4e-9024-959102905508,Nam Goong Sae Ga Prince,ko,completed,2020,Action|Long Strip|Survival|Martial Arts|Adventure|Drama|Adaptation|Full Color,safe,490,7.3182,7.995967238475291,,5,,,,,,
2026-09-27,2026-09-27T08:03:29.766988+00:00,2057c712-1d9b-48a1-ba8f-541756209036,Jolttaejado Appaneun Choeumira,ko,ongoing,2025,Action|Demons|Long Strip|Adventure|Isekai|Fantasy|Web Comic|Adaptation|Full Color,safe,14,,8.04959183829508,,0,,,,,,
2026-09-27,2026-09-27T08:03:29.766988+00:00,23ddcbae-7074-4f07-bd23-08177bf31412,Yongsa ui Ballad,ko,ongoing,2026,Action|Long Strip|Adventure|Fantasy|Full Color,safe,135,9,8.145875243955718,,0,,,,,,
2026-09-27,2026-09-27T08:03:29.766988+00:00,2c4c69a9-0f92-4af9-b22b-5ae66c934c32,Misfit on the Florida,ko,ongoing,2026,Historical|Long Strip|Boys' Love|Drama|Full Color,suggestive,44,6.25,8.05604256946767,,0,cca4b7bc-21ae-4058-b1ae-e0d84888c973,,9,en,2026-09-19T03:01:54+00:00,49
2026-09-27,2026-09-27T08:03:29.766988+00:00,39872c85-0375-4f6d-b333-213944337971,Cheonmanchongchun,ko,ongoing,2024,Long Strip|Romance|Comedy|Drama|School Life|Slice of Life|Full Color,safe,3,,8.04959183829508,,0,,,,,,
2026-09-27,2026-09-27T08:03:29.766988+00:00,3fc74fb2-ae93-4bb0-b912-a4c5d5f7b594,The Incognito Princess,ko,ongoing,2024,Reincarnation|Long Strip|Romance|Isekai|Fantasy|Villainess|Supernatural|Adaptation|Full Color,safe,4112,8.9305,8.702450715544828,,9,a92bed04-529c-41bb-bf10-20af1f811f8d,,44,en,2025-05-10T01:43:46+00:00,68
2026-09-27,2026-09-27T08:03:29.766988+00:00,412ab8fe-eca9-47c9-8f5c-f6deb75622e9,The Beloved Little Princess,ko,completed,2020,Reincarnation|Action|Long Strip|Romance|Comedy|Magic|Fantasy|Web Comic|Adaptation|Full Color,safe,46987,8.7132,8.68601561320172,,607,,,,,,
2026-09-27,2026-09-27T08:03:29.766988+00:00,429d98fa-1352-4adf-94d1-969efafec386,The Doctor Is Out,ko,hiatus,2022,Time Travel|Long Strip|Romance|Comedy|Drama|Fantasy|Adaptation|Full Color,safe,370,8.1429,8.116779734751427,,1,d079134b-a018-433d-9fd9-1f48d3d01040,,99,id,2025-11-21T14:04:24+00:00,18
2026-09-27,2026-09-27T08:03:29.766988+00:00,56691e99-ca6d-4360-bae1-0a0dfb85866b,Jungse Fantasy sok Mangnani Gyeongbijojang,ko,ongoing,2024,Monsters|Action|Demons|Long Strip|Magic|Drama|Fantasy|Adaptation|Full Color|Tragedy,safe,4942,8.6699,8.50556814706439,,7,f271c05b-1d0c-4dac-81a2-2d89eafdb10d,,4,pl,2025-04-16T08:16:40+00:00,101
2026-09-27,2026-09-27T08:03:29.766988+00:00,590ce306-df89-4cec-94c3-886d01422174,Angel or Villainess,ko,completed,2020,Reincarnation|Time Travel|Long Strip|Romance|Magic|Drama|Fantasy|Adaptation|Full Color|Tragedy,safe,25613,7.963,7.9808461419407655,,368,75386aed-c85f-4fb9-8ba8-aa625a55b6a6,,44,en,2021-09-11T12:12:46+00:00,10
2026-09-27,2026-09-27T08:03:29.766988+00:00,5a0b8181-1fe1-4f59-8b0b-60e720a3326c,Samnyumuga Cheonhajeirin,ko,ongoing,2026,Action|Long Strip|Martial Arts|Drama|Fantasy|Adaptation|Full Color,safe,4,,8.04959183829508,,0,,,,,,
2026-09-27,2026-09-27T08:03:29.766988+00:00,5c78dcc5-0393-457d-9e4f-3fde40ef1014,Mujehan ui Segyunsulsa,ko,ongoing,2026,Monsters|Action|Long Strip|Magic|Fantasy|Full Color,safe,14,8,8.11076866914732,,0,,,,,,
2026-09-27,2026-09-27T08:03:29.766988+00:00,6a50ffeb-9678-47b4-868e-15fe0febe188,My Darling Signed In,ko,completed,2017,Long Strip|Romance|Comedy|Boys' Love|Video Games|Web Comic|Full Color,safe,910,8.2785,8.175858318083053,,8,e3d50ade-42a5-4f95-a147-30a3c90e2a47,,3,en,2023-03-11T16:53:33+00:00,0
2026-09-27,2026-09-27T08:03:29.766988+00:00,6ebc38c9-367a-4fba-ab36-ad9a957ee7d1,백합의 우울,ko,completed,2023,Long Strip|Comedy|Girls' Love|Drama|School Life|Full Color,safe,221,9.0833,8.325664568457068,,0,92048c39-4849-4ee0-8b09-a31fcb8bcb0c,,62,id,2026-09-21T05:54:27+00:00,37
2026-09-27,2026-09-27T08:03:29.766988+00:00,7609c582-6361-436a-a09f-a273079eff1a,Modeun Geol Gieokhaneun Cheonjae Musa,ko,ongoing,2026,Time Travel|Action|Long Strip|Martial Arts|Fantasy|Full Color,safe,11,7.5,8.103073865357635,,0,,,,,,
2026-09-27,2026-09-27T08:03:29.766988+00:00,7a020035-69b2-41eb-89d6-bca97cb729df,Pahonhan Yeongaeneun Ending Oeen Jipchakaji Anneunda,ko,ongoing,2023,Long Strip|Romance|Magic|Isekai|Fantasy|Adaptation|Full Color,safe,165,6.8,8.017362231926858,,0,,,,,,
2026-09-27,2026-09-27T08:03:29.766988+00:00,7b93ac7f-410e-4431-b92d-1ce2a6f13f10,The Dignity of a Chaebol,ko,ongoing,,Reincarnation|Time Travel|Long Strip|Office Workers|Drama|Fantasy,safe,162,8.125,8.113235522185564,,0,,,,,,
2026-09-27,2026-09-27T08:03:29.766988+00:00,7da0c452-6d40-44db-80a5-9bc8baf558f1,The Father and the Daughter,ko,ongoing,2025,Long Strip|Romance|Fantasy|Full Color,safe,2482,8.4135,8.265925172394706,,3,,,,,,
2026-09-27,2026-09-27T08:03:29.766988+00:00,8367fa34-d0b2-480f-bc0d-66307099174b,I’d Rather Live as a Villain,ko,ongoing,2025,Long Strip|Office Workers|Drama|Web Comic|Adaptation|Full Color,safe,45,10,8.127136567669405,,0,a2874a66-1e10-4bbb-9fa5-768ba79ae7f1,,1,id,2025-09-22T12:49:21+00:00,33
2026-09-27,2026-09-27T08:03:29.766988+00:00,84805b94-6eeb-42ff-abb7-b2d8614c2804,Contract Marriage with the Second Lead,ko,completed,2025,Reincarnation|Long Strip|Romance|Isekai|Drama|Fantasy|Web Comic|Adaptation|Full Color,safe,43,8.5,8.124246176822163,,0,,,,,,
2026-09-27,2026-09-27T08:03:29.766988+00:00,9258cef1-3b0a-4a02-bccc-7e34580c5c2b,The Villainess Becomes a Mom,ko,completed,2022,Reincarnation|Time Travel|Long Strip|Romance|Magic|Isekai|Drama|Fantasy|Adaptation|Full Color,safe,4844,7.3942,7.622834205513238,,0,f7349114-e430-4eb2-bf59-f4a1fff3b07f,1,21,pt-br,2026-09-26T00:08:20+00:00,56
2026-09-27,2026-09-27T08:03:29.766988+00:00,999f8fac-db53-48cc-9030-1c0ad19c9812,Wanjeonmugyeolhan Gongjangnimkke,ko,ongoing,2025,Long Strip|Romance|Drama|Fantasy|Web Comic|Adaptation|Full Color,suggestive,39,,8.04959183829508,,0,,,,,,
2026-09-27,2026-09-27T08:03:29.766988+00:00,9cfa0ad8-5c01-4d03-823d-117470f540d7,Punghon,ko,completed,2020,Action|Long Strip|Martial Arts|Adventure|Drama|Fantasy|Web Comic|Adaptation|Full Color,safe,373,8.1111,8.11232871765042,,0,9abd6710-7ffd-41f2-a2a5-abb0947e970b,,21,pt-br,2025-09-27T18:48:53+00:00,21
2026-09-27,2026-09-27T08:03:29.766988+00:00,a972aebe-50fb-4dfe-8f61-0150f3659467,The Little Lady Behind the Scenes,ko,completed,2021,Reincarnation|Long Strip|Romance|Reverse Harem|Isekai|Drama|Fantasy|Adaptation|Full Color,safe,9921,8.7529,8.63958814315029,,12,2b6bc35e-e953-4ffb-b5dd-b9509396ebff,4,92,pt-br,2026-09-26T00:20:06+00:00,26
2026-09-27,2026-09-27T08:03:29.766988+00:00,ae0b0102-1adf-4fbe-a87b-04dd2fdde0ca,모르는 만화에 빙의했다,ko,cancelled,,Reincarnation|Romance|Comedy|Harem|Isekai|Adaptation,safe,442,8,8.092897892722874,,0,,,,,,
2026-09-27,2026-09-27T08:03:29.766988+00:00,b6f9aaad-6787-460c-bbb8-af9eb7bcc3e0,Pipyemul Namjuui Eommaga Doeeotda,ko,completed,2023,Long Strip|Romance|Magic|Fantasy|Adaptation|Full Color,safe,6005,8.5993,8.509923614774166,,7,5613328a-4f0c-4530-80cc-03bde4762efa,,25,pl,2026-05-19T17:39:04+00:00,91
2026-09-27,2026-09-27T08:03:29.766988+00:00,bbed470c-5ca5-45ec-8101-474323387734,Survivalism,ko,ongoing,2026,Sci-Fi|Monsters|Action|Long Strip|Survival|Adventure|Isekai|Gore|Horror|Fantasy|Full Color,suggestive,10217,7.7993,7.856881063874999,,12,00407fc9-fe16-4410-827c-92eee4146408,,12,en,2026-09-24T15:55:08+00:00,23
2026-09-27,2026-09-27T08:03:29.766988+00:00,bc890658-888f-41b1-a333-07cb5f5f3625,Gajang Widaehan Masulsa,ko,ongoing,2026,Sci-Fi|Action|Long Strip|Magic|Drama|Fantasy|Full Color,safe,15,,8.04959183829508,,0,,,,,,
2026-09-27,2026-09-27T08:03:29.766988+00:00,bdf3be62-4fcf-4190-be5a-cf0bc1f3d120,a jovem princesa e a esperança de um divórcio,ko,ongoing,2023,Reincarnation|Long Strip|Romance|Isekai|Fantasy|Adaptation|Full Color,safe,211,7.2222,8.05399659043837,,0,0457f7e5-f2c2-470e-8997-d1d3f87a693e,,119,pt-br,2026-09-02T11:55:32+00:00,0
2026-09-27,2026-09-27T08:03:29.766988+00:00,becc3f3f-4d73-4fe6-a1d1-d7c67c3c285d,Lotto 1-deung do Chulgeunhamnida,ko,ongoing,2024,Long Strip|Romance|Office Workers|Drama|Web Comic|Adaptation|Full Color,safe,329,7.65,8.049982186494528,,0,,,,,,
2026-09-27,2026-09-27T08:03:29.766988+00:00,c22759b2-f492-471c-a80f-37e672cfb3b4,CookieRun: OvenSmash,ko,ongoing,2026,Sci-Fi|Action|Adventure|Web Comic,safe,7,,8.04959183829508,,0,86d98261-79bf-413c-a637-d66480afe3f0,,8,es,2026-09-09T20:21:38+00:00,14
2026-09-27,2026-09-27T08:03:29.766988+00:00,d2a01e38-1c0d-4e4b-a9ae-21d119e8b326,Demon King of the Royal Class,ko,cancelled,2023,Reincarnation|Action|Demons|Long Strip|Comedy|Adventure|Magic|Harem|Isekai|School Life|Fantasy|Web Comic|Slice of Life|Adaptation|Full Color,safe,11367,8.6787,8.617180359008747,,29,ce4cd555-09c4-4e18-8a29-fa0d3ca64e43,2,69,it,2026-09-10T09:51:21+00:00,63
2026-09-27,2026-09-27T08:03:29.766988+00:00,d87c0ba8-de4b-4e71-a278-816d6a1c5805,"Life, Once Again!",ko,hiatus,2023,Time Travel|Long Strip|Romance|Drama|School Life|Fantasy|Web Comic|Slice of Life|Adaptation|Full Color|Tragedy,safe,1750,8.3838,8.23085899225338,,3,,,,,,
2026-09-27,2026-09-27T08:03:29.766988+00:00,db1f4c31-f92f-4f4f-a8c6-fc898e432888,Jeoldae Hoegwi,ko,ongoing,2024,Time Travel|Historical|Action|Long Strip|Martial Arts|Adventure|Wuxia|Fantasy|Adaptation|Full Color,suggestive,4429,9.0583,8.801335559330589,,6,21e4cff7-ddd1-4a04-a8cf-6b3570836afb,1,1,ro,2026-09-20T14:24:26+00:00,21
2026-09-27,2026-09-27T08:03:29.766988+00:00,dd16dbbc-c317-4f62-8cf5-3525b4083aab,Prologue-eseo 30-nyeoni Heulleotda,ko,ongoing,2026,Reincarnation|Action|Demons|Long Strip|Romance|Harem|Isekai|Drama|Web Comic|Adaptation|Full Color,safe,1290,8.4512,8.244788469774395,,1,34fe8a25-65b0-43c6-8079-dc24c633bfbf,,4,en,2026-08-23T00:07:15+00:00,28
2026-09-27,2026-09-27T08:03:29.766988+00:00,e24d2233-6fe7-4766-8074-d25671522da9,Gollyun e Yong i Sanda,ko,ongoing,2026,Action|Long Strip|Martial Arts|Adventure|Full Color,safe,3,,8.04959183829508,,0,,,,,,
2026-09-27,2026-09-27T08:03:29.766988+00:00,e7a92445-d4ee-411a-8680-17dfd699ee5f,The Nerd Next Door Turned Out To Be The Magic Tower Master,ko,ongoing,2026,Reincarnation|Romance|Comedy|Drama,safe,61,1,8.057346311232513,,0,ce3e132c-ed8e-405f-b29b-0bc1ffaea855,,4,pt-br,2026-09-15T20:11:17+00:00,18
2026-09-27,2026-09-27T08:03:29.766988+00:00,f0aee247-e44a-48b1-a00c-194043e43829,Space Marine ege Sangtaechang i Saenggim,ko,ongoing,2026,Sci-Fi|Action|Long Strip|Military|Fantasy|Aliens|Full Color,safe,150,9.2143,8.221159029511123,,0,,,,,,
2026-09-27,2026-09-27T08:03:29.766988+00:00,fa6793c8-7523-4f4a-93a1-1f44fd8110c4,Nuna-deul eul Bulkkeunhage Mandeuneun Yeonha Namchin,ko,completed,2018,Oneshot|Romance|Web Comic,safe,926,7.8374,7.977666589746281,,0,fd5b57c6-5df3-41c3-b7d9-e42b981fd5d2,,,id,2023-04-30T01:08:40+00:00,2
2026-09-27,2026-09-27T08:03:29.766988+00:00,fcea68c1-e1fb-41bd-8eb0-3cd8d6d97e7e,Gananhan Yeongji-ui Ju-ini Doeo Beoryeotda,ko,ongoing,2024,Reincarnation|Long Strip|Romance|Drama|Fantasy|Web Comic|Adaptation|Full Color,safe,126,8.125,8.113235522185564,,1,3c2d92d5-075e-4a16-98b5-1e8f10b78639,,11,es-la,2026-09-07T22:57:09+00:00,34
2026-09-27,2026-09-27T08:03:29.766988+00:00,fe7d5dbe-6f0a-42ed-9a83-67a4315bd3ee,Hunter Sesang-ui Jeongwonsa,ko,completed,2024,Animals|Long Strip|Adventure|Fantasy|Web Comic|Full Color,safe,5115,8.3868,8.326602107655791,,5,3120aa89-9960-426f-8b2a-e905ec7968a7,2,74,en,2026-01-06T04:32:33+00:00,50
2026-09-28,2026-09-28T08:38:38.091291+00:00,0017ab16-4f1f-452a-99d2-5f7dec895a67,Save the Earth!,ko,ongoing,2025,Long Strip|Romance|Comedy|Drama|School Life|Slice of Life|Full Color,safe,59,5.3333,8.048834467186655,,2,78647cfb-ca3f-40cc-a037-44ada0ff39e0,,17,en,2026-09-27T22:16:13+00:00,42
2026-09-28,2026-09-28T08:38:38.091291+00:00,00cbb62b-b002-464d-bda7-8e650338417e,World Extinction War,ko,ongoing,2026,Sci-Fi|Historical|Action|Long Strip|Martial Arts|Video Games|Magic|Isekai|Fantasy|Web Comic|Full Color,safe,588,8.8511,8.310904953192257,,2,c6be23f3-b6ec-4623-91ac-82e6c5c51127,,7,en,2026-09-23T16:20:48+00:00,29
2026-09-28,2026-09-28T08:38:38.091291+00:00,024daabd-a693-4f77-8d6a-7fd82e8b94f5,Grand Finale,ko,completed,2025,Sci-Fi|Action|Long Strip|Comedy|Adventure|Drama|Fantasy|Web Comic|Supernatural|Full Color,safe,1978,9.0533,8.620220902065096,,14,5d32f222-851f-486b-a119-176da79bc58a,,4,pt-br,2025-08-05T02:16:28+00:00,98
2026-09-28,2026-09-28T08:38:38.091291+00:00,086ca5e0-17ea-4d28-82ef-6b8eef680c60,The Curious Case of Chronicle,ko,completed,2023,Reincarnation|Sci-Fi|Monsters|Action|Long Strip|Martial Arts|Virtual Reality|Video Games|Magic|Military|Isekai|Drama|Fantasy|Full Color,safe,4472,8.5182,8.409943271261039,,13,,,,,,
2026-09-28,2026-09-28T08:38:38.091291+00:00,0ab7ae56-2800-4426-819d-0cda91aad12a,The Blood Knight’s Villains,ko,cancelled,,Reincarnation|Action|Long Strip|Adventure|Isekai|Drama|Fantasy|Web Comic|Full Color,safe,496,7.0667,7.913871036359202,,0,,,,,,
2026-09-28,2026-09-28T08:38:38.091291+00:00,0db0c050-597e-4068-92e2-e57ea98d86b7,Meongmunsegareul Horyeonghaneun Agi Goyangiimnida,ko,ongoing,2026,Long Strip|Romance|Martial Arts|Fantasy|Adaptation|Full Color,safe,5,,8.04959183829508,,0,,,,,,
2026-09-28,2026-09-28T08:38:38.091291+00:00,0e117066-f6e7-44a7-a31f-34bf27b4e3fa,Nal Cha Beorin Sokkupchingu wa Jeon Yeochin i Gateun Banira Gollanhada,ko,completed,2023,Reincarnation|Action|Long Strip|Romance|Magic|Drama|School Life|Fantasy|Full Color,safe,83,7.2,8.078184608327222,,0,615501b7-0199-4b52-9477-3ffcd6657a30,1,1,fr,2026-09-13T19:51:59+00:00,120
2026-09-28,2026-09-28T08:38:38.091291+00:00,0ee13733-f3fd-45b5-8a9e-f306b29856e3,The Villain's Daughter Plans to Run Away,ko,ongoing,2024,Long Strip|Romance|Fantasy|Villainess|Adaptation|Full Color,safe,900,7.7273,8.013929321155915,,0,ab318727-3d6b-4c4e-b93e-2f2ed352692b,,106,pt-br,2026-09-09T05:50:11+00:00,0
2026-09-28,2026-09-28T08:38:38.091291+00:00,105c2a3e-0235-44a4-9b8c-42ae2c555e4e,"My Next-Door Neighbor, the Handsome Stalker Boy",ko,completed,2016,Long Strip|Romance|Comedy|Drama|Web Comic|Slice of Life|Full Color,safe,338,6.6667,8.017489002568396,,0,82d0b603-71ea-4fe4-a3c1-4fba4e70deb7,,7,en,2022-01-08T15:24:19+00:00,12
2026-09-28,2026-09-28T08:38:38.091291+00:00,135907b0-f623-4b4e-9024-959102905508,Nam Goong Sae Ga Prince,ko,completed,2020,Action|Long Strip|Survival|Martial Arts|Adventure|Drama|Adaptation|Full Color,safe,490,7.3182,7.995967238475291,,5,,,,,,
2026-09-28,2026-09-28T08:38:38.091291+00:00,158bc0cc-e79e-4f13-a001-6d0abe9733ab,The House Without Time,ko,completed,2020,Monsters|Action|Demons|Psychological|Animals|Long Strip|Comedy|Martial Arts|Adventure|Magic|Military|Philosophical|Drama|Fantasy|Web Comic|Cooking|Supernatural|Full Color,safe,3762,8.9695,8.729004382045607,,6,bd7eb676-9994-4b96-8e34-379eeadd9321,2,36,pt-br,2025-11-03T03:50:41+00:00,52
2026-09-28,2026-09-28T08:38:38.091291+00:00,2057c712-1d9b-48a1-ba8f-541756209036,Jolttaejado Appaneun Choeumira,ko,ongoing,2025,Action|Demons|Long Strip|Adventure|Isekai|Fantasy|Web Comic|Adaptation|Full Color,safe,14,,8.04959183829508,,0,,,,,,
2026-09-28,2026-09-28T08:38:38.091291+00:00,23ddcbae-7074-4f07-bd23-08177bf31412,Yongsa ui Ballad,ko,ongoing,2026,Action|Long Strip|Adventure|Fantasy|Full Color,safe,182,9.1667,8.159716351721132,,0,,,,,,
2026-09-28,2026-09-28T08:38:38.091291+00:00,2b390cec-b461-485a-ad70-d900469f862b,Imsinhan Cheoghaessneunde Nampyeoni Dol Awassda,ko,ongoing,,Long Strip|Romance|Fantasy|Full Color,safe,57,9,8.132830972247742,,0,a77edd00-a5ca-45ce-a636-09aab3fb8af1,1,1,pt-br,2026-09-28T03:23:51+00:00,58
2026-09-28,2026-09-28T08:38:38.091291+00:00,2c4c69a9-0f92-4af9-b22b-5ae66c934c32,Misfit on the Florida,ko,ongoing,2026,Historical|Long Strip|Boys' Love|Drama|Full Color,suggestive,45,6.25,8.05604256946767,,0,cca4b7bc-21ae-4058-b1ae-e0d84888c973,,9,en,2026-09-19T03:01:54+00:00,49
2026-09-28,2026-09-28T08:38:38.091291+00:00,39872c85-0375-4f6d-b333-213944337971,Cheonmanchongchun,ko,ongoing,2024,Long Strip|Romance|Comedy|Drama|School Life|Slice of Life|Full Color,safe,3,,8.04959183829508,,0,,,,,,
2026-09-28,2026-09-28T08:38:38.091291+00:00,3fc74fb2-ae93-4bb0-b912-a4c5d5f7b594,The Incognito Princess,ko,ongoing,2024,Reincarnation|Long Strip|Romance|Isekai|Fantasy|Villainess|Supernatural|Adaptation|Full Color,safe,4112,8.9305,8.702450715544828,,9,a92bed04-529c-41bb-bf10-20af1f811f8d,,44,en,2025-05-10T01:43:46+00:00,68
2026-09-28,2026-09-28T08:38:38.091291+00:00,412ab8fe-eca9-47c9-8f5c-f6deb75622e9,The Beloved Little Princess,ko,completed,2020,Reincarnation|Action|Long Strip|Romance|Comedy|Magic|Fantasy|Web Comic|Adaptation|Full Color,safe,46985,8.7132,8.68601561320172,,607,,,,,,
2026-09-28,2026-09-28T08:38:38.091291+00:00,429d98fa-1352-4adf-94d1-969efafec386,The Doctor Is Out,ko,hiatus,2022,Time Travel|Long Strip|Romance|Comedy|Drama|Fantasy|Adaptation|Full Color,safe,370,8.1429,8.116779734751427,,1,d079134b-a018-433d-9fd9-1f48d3d01040,,99,id,2025-11-21T14:04:24+00:00,18
2026-09-28,2026-09-28T08:38:38.091291+00:00,56691e99-ca6d-4360-bae1-0a0dfb85866b,Jungse Fantasy sok Mangnani Gyeongbijojang,ko,ongoing,2024,Monsters|Action|Demons|Long Strip|Magic|Drama|Fantasy|Adaptation|Full Color|Tragedy,safe,4942,8.6645,8.502106735303354,,7,f271c05b-1d0c-4dac-81a2-2d89eafdb10d,,4,pl,2025-04-16T08:16:40+00:00,101
2026-09-28,2026-09-28T08:38:38.091291+00:00,590ce306-df89-4cec-94c3-886d01422174,Angel or Villainess,ko,completed,2020,Reincarnation|Time Travel|Long Strip|Romance|Magic|Drama|Fantasy|Adaptation|Full Color|Tragedy,safe,25613,7.963,7.9808461419407655,,368,75386aed-c85f-4fb9-8ba8-aa625a55b6a6,,44,en,2021-09-11T12:12:46+00:00,10
2026-09-28,2026-09-28T08:38:38.091291+00:00,5a0b8181-1fe1-4f59-8b0b-60e720a3326c,Samnyumuga Cheonhajeirin,ko,ongoing,2026,Action|Long Strip|Martial Arts|Drama|Fantasy|Adaptation|Full Color,safe,4,,8.04959183829508,,0,,,,,,
2026-09-28,2026-09-28T08:38:38.091291+00:00,5c78dcc5-0393-457d-9e4f-3fde40ef1014,Mujehan ui Segyunsulsa,ko,ongoing,2026,Monsters|Action|Long Strip|Magic|Fantasy|Full Color,safe,15,8,8.11076866914732,,0,,,,,,
2026-09-28,2026-09-28T08:38:38.091291+00:00,6a50ffeb-9678-47b4-868e-15fe0febe188,My Darling Signed In,ko,completed,2017,Long Strip|Romance|Comedy|Boys' Love|Video Games|Web Comic|Full Color,safe,910,8.2785,8.175858318083053,,8,e3d50ade-42a5-4f95-a147-30a3c90e2a47,,3,en,2023-03-11T16:53:33+00:00,0
2026-09-28,2026-09-28T08:38:38.091291+00:00,6ebc38c9-367a-4fba-ab36-ad9a957ee7d1,백합의 우울,ko,completed,2023,Long Strip|Comedy|Girls' Love|Drama|School Life|Full Color,safe,227,9.1053,8.339816783319153,,0,92048c39-4849-4ee0-8b09-a31fcb8bcb0c,,62,id,2026-09-21T05:54:27+00:00,37
2026-09-28,2026-09-28T08:38:38.091291+00:00,7a020035-69b2-41eb-89d6-bca97cb729df,Pahonhan Yeongaeneun Ending Oeen Jipchakaji Anneunda,ko,ongoing,2023,Long Strip|Romance|Magic|Isekai|Fantasy|Adaptation|Full Color,safe,165,6.8,8.017362231926858,,0,,,,,,
2026-09-28,2026-09-28T08:38:38.091291+00:00,7da0c452-6d40-44db-80a5-9bc8baf558f1,The Father and the Daughter,ko,ongoing,2025,Long Strip|Romance|Fantasy|Full Color,safe,2482,8.4135,8.265925172394706,,3,,,,,,
2026-09-28,2026-09-28T08:38:38.091291+00:00,84805b94-6eeb-42ff-abb7-b2d8614c2804,Contract Marriage with the Second Lead,ko,completed,2025,Reincarnation|Long Strip|Romance|Isekai|Drama|Fantasy|Web Comic|Adaptation|Full Color,safe,43,8.5,8.124246176822163,,0,,,,,,
2026-09-28,2026-09-28T08:38:38.091291+00:00,921e672c-9b37-4e7b-9017-da67b8bbef4c,Sacheondangga ui Jangnyeo neun Gamun eul Jikinda,ko,ongoing,2026,Time Travel|Long Strip|Romance|Martial Arts|Fantasy|Web Comic|Adaptation|Full Color,safe,43,9,8.132830972247742,,0,01ad6d2d-5e9c-4ba0-8892-dc48a0c37ca2,,8,fr,2026-06-27T14:29:04+00:00,33
2026-09-28,2026-09-28T08:38:38.091291+00:00,9258cef1-3b0a-4a02-bccc-7e34580c5c2b,The Villainess Becomes a Mom,ko,completed,2022,Reincarnation|Time Travel|Long Strip|Romance|Magic|Isekai|Drama|Fantasy|Adaptation|Full Color,safe,4846,7.3942,7.622834205513238,,0,f7349114-e430-4eb2-bf59-f4a1fff3b07f,1,21,pt-br,2026-09-26T00:08:20+00:00,56
2026-09-28,2026-09-28T08:38:38.091291+00:00,999f8fac-db53-48cc-9030-1c0ad19c9812,Wanjeonmugyeolhan Gongjangnimkke,ko,ongoing,2025,Long Strip|Romance|Drama|Fantasy|Web Comic|Adaptation|Full Color,suggestive,39,,8.04959183829508,,0,,,,,,
2026-09-28,2026-09-28T08:38:38.091291+00:00,9cfa0ad8-5c01-4d03-823d-117470f540d7,Punghon,ko,completed,2020,Action|Long Strip|Martial Arts|Adventure|Drama|Fantasy|Web Comic|Adaptation|Full Color,safe,373,8.1111,8.11232871765042,,0,9abd6710-7ffd-41f2-a2a5-abb0947e970b,,21,pt-br,2025-09-27T18:48:53+00:00,21
2026-09-28,2026-09-28T08:38:38.091291+00:00,a972aebe-50fb-4dfe-8f61-0150f3659467,The Little Lady Behind the Scenes,ko,completed,2021,Reincarnation|Long Strip|Romance|Reverse Harem|Isekai|Drama|Fantasy|Adaptation|Full Color,safe,9926,8.7534,8.640085978579501,,12,2b6bc35e-e953-4ffb-b5dd-b9509396ebff,4,92,pt-br,2026-09-26T00:20:06+00:00,26
2026-09-28,2026-09-28T08:38:38.091291+00:00,ae0b0102-1adf-4fbe-a87b-04dd2fdde0ca,모르는 만화에 빙의했다,ko,cancelled,,Reincarnation|Romance|Comedy|Harem|Isekai|Adaptation,safe,444,8,8.092897892722874,,0,,,,,,
2026-09-28,2026-09-28T08:38:38.091291+00:00,b6f9aaad-6787-460c-bbb8-af9eb7bcc3e0,Pipyemul Namjuui Eommaga Doeeotda,ko,completed,2023,Long Strip|Romance|Magic|Fantasy|Adaptation|Full Color,safe,6009,8.6,8.510625772360793,,7,5613328a-4f0c-4530-80cc-03bde4762efa,,25,pl,2026-05-19T17:39:04+00:00,91
2026-09-28,2026-09-28T08:38:38.091291+00:00,bbed470c-5ca5-45ec-8101-474323387734,Survivalism,ko,ongoing,2026,Sci-Fi|Monsters|Action|Long Strip|Survival|Adventure|Isekai|Gore|Horror|Fantasy|Full Color,suggestive,10267,7.8014,7.858521218971211,,12,00407fc9-fe16-4410-827c-92eee4146408,,12,en,2026-09-24T15:55:08+00:00,23
2026-09-28,2026-09-28T08:38:38.091291+00:00,bc890658-888f-41b1-a333-07cb5f5f3625,Gajang Widaehan Masulsa,ko,ongoing,2026,Sci-Fi|Action|Long Strip|Magic|Drama|Fantasy|Full Color,safe,15,,8.04959183829508,,0,,,,,,
2026-09-28,2026-09-28T08:38:38.091291+00:00,bdf3be62-4fcf-4190-be5a-cf0bc1f3d120,a jovem princesa e a esperança de um divórcio,ko,ongoing,2023,Reincarnation|Long Strip|Romance|Isekai|Fantasy|Adaptation|Full Color,safe,211,7.2222,8.05399659043837,,0,0457f7e5-f2c2-470e-8997-d1d3f87a693e,,119,pt-br,2026-09-02T11:55:32+00:00,0
2026-09-28,2026-09-28T08:38:38.091291+00:00,becc3f3f-4d73-4fe6-a1d1-d7c67c3c285d,Lotto 1-deung do Chulgeunhamnida,ko,ongoing,2024,Long Strip|Romance|Office Workers|Drama|Web Comic|Adaptation|Full Color,safe,329,7.65,8.049982186494528,,0,,,,,,
2026-09-28,2026-09-28T08:38:38.091291+00:00,c22759b2-f492-471c-a80f-37e672cfb3b4,CookieRun: OvenSmash,ko,ongoing,2026,Sci-Fi|Action|Adventure|Web Comic,safe,8,,8.04959183829508,,0,ad41a5f6-eecd-4c4d-9487-2fa6edefa658,,9,es,2026-09-27T09:56:36+00:00,14
2026-09-28,2026-09-28T08:38:38.091291+00:00,d2a01e38-1c0d-4e4b-a9ae-21d119e8b326,Demon King of the Royal Class,ko,cancelled,2023,Reincarnation|Action|Demons|Long Strip|Comedy|Adventure|Magic|Harem|Isekai|School Life|Fantasy|Web Comic|Slice of Life|Adaptation|Full Color,safe,11366,8.6787,8.617180359008747,,29,ce4cd555-09c4-4e18-8a29-fa0d3ca64e43,2,69,it,2026-09-10T09:51:21+00:00,63
2026-09-28,2026-09-28T08:38:38.091291+00:00,d87c0ba8-de4b-4e71-a278-816d6a1c5805,"Life, Once Again!",ko,hiatus,2023,Time Travel|Long Strip|Romance|Drama|School Life|Fantasy|Web Comic|Slice of Life|Adaptation|Full Color|Tragedy,safe,1750,8.3838,8.23085899225338,,3,,,,,,
2026-09-28,2026-09-28T08:38:38.091291+00:00,db1f4c31-f92f-4f4f-a8c6-fc898e432888,Jeoldae Hoegwi,ko,ongoing,2024,Time Travel|Historical|Action|Long Strip|Martial Arts|Adventure|Wuxia|Fantasy|Adaptation|Full Color,suggestive,4433,9.0583,8.801335559330589,,6,21e4cff7-ddd1-4a04-a8cf-6b3570836afb,1,1,ro,2026-09-20T14:24:26+00:00,21
2026-09-28,2026-09-28T08:38:38.091291+00:00,dd16dbbc-c317-4f62-8cf5-3525b4083aab,Prologue-eseo 30-nyeoni Heulleotda,ko,ongoing,2026,Reincarnation|Action|Demons|Long Strip|Romance|Harem|Isekai|Drama|Web Comic|Adaptation|Full Color,safe,1318,8.4512,8.244788469774395,,1,34fe8a25-65b0-43c6-8079-dc24c633bfbf,,4,en,2026-08-23T00:07:15+00:00,28
2026-09-28,2026-09-28T08:38:38.091291+00:00,e24d2233-6fe7-4766-8074-d25671522da9,Gollyun e Yong i Sanda,ko,ongoing,2026,Action|Long Strip|Martial Arts|Adventure|Full Color,safe,3,,8.04959183829508,,0,,,,,,
2026-09-28,2026-09-28T08:38:38.091291+00:00,e7a92445-d4ee-411a-8680-17dfd699ee5f,The Nerd Next Door Turned Out To Be The Magic Tower Master,ko,ongoing,2026,Reincarnation|Romance|Comedy|Drama,safe,60,1,8.057346311232513,,0,ce3e132c-ed8e-405f-b29b-0bc1ffaea855,,4,pt-br,2026-09-15T20:11:17+00:00,18
2026-09-28,2026-09-28T08:38:38.091291+00:00,f0aee247-e44a-48b1-a00c-194043e43829,Space Marine ege Sangtaechang i Saenggim,ko,ongoing,2026,Sci-Fi|Action|Long Strip|Military|Fantasy|Aliens|Full Color,safe,158,9.2143,8.221159029511123,,0,,,,,,
2026-09-28,2026-09-28T08:38:38.091291+00:00,fa6793c8-7523-4f4a-93a1-1f44fd8110c4,Nuna-deul eul Bulkkeunhage Mandeuneun Yeonha Namchin,ko,completed,2018,Oneshot|Romance|Web Comic,safe,926,7.8374,7.977666589746281,,0,fd5b57c6-5df3-41c3-b7d9-e42b981fd5d2,,,id,2023-04-30T01:08:40+00:00,2
2026-09-28,2026-09-28T08:38:38.091291+00:00,fcea68c1-e1fb-41bd-8eb0-3cd8d6d97e7e,Gananhan Yeongji-ui Ju-ini Doeo Beoryeotda,ko,ongoing,2024,Reincarnation|Long Strip|Romance|Drama|Fantasy|Web Comic|Adaptation|Full Color,safe,126,8.125,8.113235522185564,,1,3c2d92d5-075e-4a16-98b5-1e8f10b78639,,11,es-la,2026-09-07T22:57:09+00:00,34
2026-09-28,2026-09-28T08:38:38.091291+00:00,fe7d5dbe-6f0a-42ed-9a83-67a4315bd3ee,Hunter Sesang-ui Jeongwonsa,ko,completed,2024,Animals|Long Strip|Adventure|Fantasy|Web Comic|Full Color,safe,5115,8.3868,8.326602107655791,,5,3120aa89-9960-426f-8b2a-e905ec7968a7,2,74,en,2026-01-06T04:32:33+00:00,50
2026-09-29,2026-09-29T08:23:19.815867+00:00,0017ab16-4f1f-452a-99d2-5f7dec895a67,Save the Earth!,ko,ongoing,2025,Long Strip|Romance|Comedy|Drama|School Life|Slice of Life|Full Color,safe,59,5.3333,8.048834467186655,,2,78647cfb-ca3f-40cc-a037-44ada0ff39e0,,17,en,2026-09-27T22:16:13+00:00,42
2026-09-29,2026-09-29T08:23:19.815867+00:00,00cbb62b-b002-464d-bda7-8e650338417e,World Extinction War,ko,ongoing,2026,Sci-Fi|Historical|Action|Long Strip|Martial Arts|Video Games|Magic|Isekai|Fantasy|Web Comic|Full Color,safe,608,8.8776,8.324344257338767,,2,c6be23f3-b6ec-4623-91ac-82e6c5c51127,,7,en,2026-09-23T16:20:48+00:00,29
2026-09-29,2026-09-29T08:23:19.815867+00:00,024daabd-a693-4f77-8d6a-7fd82e8b94f5,Grand Finale,ko,completed,2025,Sci-Fi|Action|Long Strip|Comedy|Adventure|Drama|Fantasy|Web Comic|Supernatural|Full Color,safe,1977,9.0533,8.620220902065096,,14,5d32f222-851f-486b-a119-176da79bc58a,,4,pt-br,2025-08-05T02:16:28+00:00,98
2026-09-29,2026-09-29T08:23:19.815867+00:00,086ca5e0-17ea-4d28-82ef-6b8eef680c60,The Curious Case of Chronicle,ko,completed,2023,Reincarnation|Sci-Fi|Monsters|Action|Long Strip|Martial Arts|Virtual Reality|Video Games|Magic|Military|Isekai|Drama|Fantasy|Full Color,safe,4472,8.5168,8.4090979539031,,13,,,,,,
2026-09-29,2026-09-29T08:23:19.815867+00:00,0ab7ae56-2800-4426-819d-0cda91aad12a,The Blood Knight’s Villains,ko,cancelled,,Reincarnation|Action|Long Strip|Adventure|Isekai|Drama|Fantasy|Web Comic|Full Color,safe,496,7.0667,7.913871036359202,,0,,,,,,
2026-09-29,2026-09-29T08:23:19.815867+00:00,0db0c050-597e-4068-92e2-e57ea98d86b7,Meongmunsegareul Horyeonghaneun Agi Goyangiimnida,ko,ongoing,2026,Long Strip|Romance|Martial Arts|Fantasy|Adaptation|Full Color,safe,5,,8.04959183829508,,0,,,,,,
2026-09-29,2026-09-29T08:23:19.815867+00:00,0ee13733-f3fd-45b5-8a9e-f306b29856e3,The Villain's Daughter Plans to Run Away,ko,ongoing,2024,Long Strip|Romance|Fantasy|Villainess|Adaptation|Full Color,safe,900,7.7273,8.013929321155915,,0,ab318727-3d6b-4c4e-b93e-2f2ed352692b,,106,pt-br,2026-09-09T05:50:11+00:00,0
2026-09-29,2026-09-29T08:23:19.815867+00:00,105c2a3e-0235-44a4-9b8c-42ae2c555e4e,"My Next-Door Neighbor, the Handsome Stalker Boy",ko,completed,2016,Long Strip|Romance|Comedy|Drama|Web Comic|Slice of Life|Full Color,safe,338,6.6667,8.017489002568396,,0,82d0b603-71ea-4fe4-a3c1-4fba4e70deb7,,7,en,2022-01-08T15:24:19+00:00,12
2026-09-29,2026-09-29T08:23:19.815867+00:00,135907b0-f623-4b4e-9024-959102905508,Nam Goong Sae Ga Prince,ko,completed,2020,Action|Long Strip|Survival|Martial Arts|Adventure|Drama|Adaptation|Full Color,safe,490,7.3182,7.995967238475291,,5,,,,,,
2026-09-29,2026-09-29T08:23:19.815867+00:00,158bc0cc-e79e-4f13-a001-6d0abe9733ab,The House Without Time,ko,completed,2020,Monsters|Action|Demons|Psychological|Animals|Long Strip|Comedy|Martial Arts|Adventure|Magic|Military|Philosophical|Drama|Fantasy|Web Comic|Cooking|Supernatural|Full Color,safe,3763,8.9695,8.729004382045607,,6,bd7eb676-9994-4b96-8e34-379eeadd9321,2,36,pt-br,2025-11-03T03:50:41+00:00,52
2026-09-29,2026-09-29T08:23:19.815867+00:00,18bee24b-2539-4258-b182-d3e1db4b503d,What Happens When You Mess With the Original Novel,ko,ongoing,2025,Reincarnation|Long Strip|Romance|Isekai|Fantasy|Adaptation|Full Color,safe,988,8.3636,8.176759941075348,,1,,,,,,
2026-09-29,2026-09-29T08:23:19.815867+00:00,23ddcbae-7074-4f07-bd23-08177bf31412,Yongsa ui Ballad,ko,ongoing,2026,Action|Long Strip|Adventure|Fantasy|Full Color,safe,203,8.625,8.1426564096081,,0,,,,,,
2026-09-29,2026-09-29T08:23:19.815867+00:00,2b390cec-b461-485a-ad70-d900469f862b,Imsinhan Cheoghaessneunde Nampyeoni Dol Awassda,ko,ongoing,,Long Strip|Romance|Fantasy|Full Color,safe,58,8.75,8.131824355417107,,0,a77edd00-a5ca-45ce-a636-09aab3fb8af1,1,1,pt-br,2026-09-28T03:23:51+00:00,58
2026-09-29,2026-09-29T08:23:19.815867+00:00,39872c85-0375-4f6d-b333-213944337971,Cheonmanchongchun,ko,ongoing,2024,Long Strip|Romance|Comedy|Drama|School Life|Slice of Life|Full Color,safe,3,,8.04959183829508,,0,,,,,,
2026-09-29,2026-09-29T08:23:19.815867+00:00,3bec73a8-4bcb-4a5c-841b-96553d6bac9f,"Will You Marry Me Under Contract, Your Highness?",ko,completed,2024,Time Travel|Long Strip|Romance|Magic|Fantasy|Adaptation|Full Color,safe,81,8.75,8.131824355417107,,0,,,,,,
2026-09-29,2026-09-29T08:23:19.815867+00:00,3fc74fb2-ae93-4bb0-b912-a4c5d5f7b594,The Incognito Princess,ko,ongoing,2024,Reincarnation|Long Strip|Romance|Isekai|Fantasy|Villainess|Supernatural|Adaptation|Full Color,safe,4112,8.9305,8.702450715544828,,9,a92bed04-529c-41bb-bf10-20af1f811f8d,,44,en,2025-05-10T01:43:46+00:00,68
2026-09-29,2026-09-29T08:23:19.815867+00:00,412ab8fe-eca9-47c9-8f5c-f6deb75622e9,The Beloved Little Princess,ko,completed,2020,Reincarnation|Action|Long Strip|Romance|Comedy|Magic|Fantasy|Web Comic|Adaptation|Full Color,safe,46985,8.7132,8.68601561320172,,607,,,,,,
2026-09-29,2026-09-29T08:23:19.815867+00:00,429d98fa-1352-4adf-94d1-969efafec386,The Doctor Is Out,ko,hiatus,2022,Time Travel|Long Strip|Romance|Comedy|Drama|Fantasy|Adaptation|Full Color,safe,370,8.1429,8.116779734751427,,1,d079134b-a018-433d-9fd9-1f48d3d01040,,99,id,2025-11-21T14:04:24+00:00,18
2026-09-29,2026-09-29T08:23:19.815867+00:00,53c12cd2-f7ff-4976-b16a-c83efdeedb6f,Jeongnyeongwang Elqueeness,ko,ongoing,2017,Reincarnation|Long Strip|Adventure|Fantasy|Slice of Life|Adaptation|Full Color,safe,10832,8.3365,8.306675196289861,,178,f61f5028-1296-439e-af13-f4d0074e4b64,7,319,en,2026-09-28T07:11:47+00:00,16
2026-09-29,2026-09-29T08:23:19.815867+00:00,56691e99-ca6d-4360-bae1-0a0dfb85866b,Jungse Fantasy sok Mangnani Gyeongbijojang,ko,ongoing,2024,Monsters|Action|Demons|Long Strip|Magic|Drama|Fantasy|Adaptation|Full Color|Tragedy,safe,4944,8.6688,8.505542602634696,,7,f271c05b-1d0c-4dac-81a2-2d89eafdb10d,,4,pl,2025-04-16T08:16:40+00:00,101
2026-09-29,2026-09-29T08:23:19.815867+00:00,590ce306-df89-4cec-94c3-886d01422174,Angel or Villainess,ko,completed,2020,Reincarnation|Time Travel|Long Strip|Romance|Magic|Drama|Fantasy|Adaptation|Full Color|Tragedy,safe,25613,7.963,7.9808461419407655,,368,75386aed-c85f-4fb9-8ba8-aa625a55b6a6,,44,en,2021-09-11T12:12:46+00:00,10
2026-09-29,2026-09-29T08:23:19.815867+00:00,5a0b8181-1fe1-4f59-8b0b-60e720a3326c,Samnyumuga Cheonhajeirin,ko,ongoing,2026,Action|Long Strip|Martial Arts|Drama|Fantasy|Adaptation|Full Color,safe,4,,8.04959183829508,,0,,,,,,
2026-09-29,2026-09-29T08:23:19.815867+00:00,5c78dcc5-0393-457d-9e4f-3fde40ef1014,Mujehan ui Segyunsulsa,ko,ongoing,2026,Monsters|Action|Long Strip|Magic|Fantasy|Full Color,safe,15,8,8.11076866914732,,0,,,,,,
2026-09-29,2026-09-29T08:23:19.815867+00:00,6a50ffeb-9678-47b4-868e-15fe0febe188,My Darling Signed In,ko,completed,2017,Long Strip|Romance|Comedy|Boys' Love|Video Games|Web Comic|Full Color,safe,910,8.2785,8.175858318083053,,8,e3d50ade-42a5-4f95-a147-30a3c90e2a47,,3,en,2023-03-11T16:53:33+00:00,0
2026-09-29,2026-09-29T08:23:19.815867+00:00,6ba386d5-1c6d-43e7-886f-209b69a326c1,The Youngest Is Trying to Prevent the World From Ending,ko,ongoing,2024,Reincarnation|Long Strip|Romance|Isekai|Fantasy|Villainess|Adaptation|Full Color,safe,800,7.2778,8.009559307902588,,0,4cf1659b-f984-4988-a0f8-696ce1b722e8,,27,fr,2026-08-30T17:46:08+00:00,73
2026-09-29,2026-09-29T08:23:19.815867+00:00,6ebc38c9-367a-4fba-ab36-ad9a957ee7d1,백합의 우울,ko,completed,2023,Long Strip|Comedy|Girls' Love|Drama|School Life|Full Color,safe,233,9.1053,8.339816783319153,,0,92048c39-4849-4ee0-8b09-a31fcb8bcb0c,,62,id,2026-09-21T05:54:27+00:00,37
2026-09-29,2026-09-29T08:23:19.815867+00:00,7837bdeb-80ea-4ad7-b817-b529e9b964c6,Gang Min-su,ko,completed,2024,Long Strip|Comedy|Crime|Full Color,suggestive,0,,8.04959183829508,,0,,,,,,
2026-09-29,2026-09-29T08:23:19.815867+00:00,7a020035-69b2-41eb-89d6-bca97cb729df,Pahonhan Yeongaeneun Ending Oeen Jipchakaji Anneunda,ko,ongoing,2023,Long Strip|Romance|Magic|Isekai|Fantasy|Adaptation|Full Color,safe,165,6.8,8.017362231926858,,0,,,,,,
2026-09-29,2026-09-29T08:23:19.815867+00:00,84805b94-6eeb-42ff-abb7-b2d8614c2804,Contract Marriage with the Second Lead,ko,completed,2025,Reincarnation|Long Strip|Romance|Isekai|Drama|Fantasy|Web Comic|Adaptation|Full Color,safe,43,8.5,8.124246176822163,,0,,,,,,
2026-09-29,2026-09-29T08:23:19.815867+00:00,862a5df8-6a71-4cbb-a445-d4d0d769cd7f,Jugeotneunde Wae Jipchak Haseyo,ko,ongoing,2024,Long Strip|Romance|Drama|Fantasy|Full Color,safe,639,8.3333,8.147378097513084,,1,b87478a0-a385-48f7-ac90-e03f38edc824,1,1,pl,2025-01-30T13:21:39+00:00,78
2026-09-29,2026-09-29T08:23:19.815867+00:00,8a17cccd-b82b-407f-a096-a2d077b7e048,Borderline,ko,ongoing,2025,Long Strip|Romance|Drama|Full Color,safe,116,3.3333,8.003018191698791,,0,b6ffa422-a887-4607-b7e3-851e5790a80e,,5,en,2025-05-01T02:56:34+00:00,22
2026-09-29,2026-09-29T08:23:19.815867+00:00,921e672c-9b37-4e7b-9017-da67b8bbef4c,Sacheondangga ui Jangnyeo neun Gamun eul Jikinda,ko,ongoing,2026,Time Travel|Long Strip|Romance|Martial Arts|Fantasy|Web Comic|Adaptation|Full Color,safe,43,9,8.132830972247742,,0,01ad6d2d-5e9c-4ba0-8892-dc48a0c37ca2,,8,fr,2026-06-27T14:29:04+00:00,33
2026-09-29,2026-09-29T08:23:19.815867+00:00,92c54956-3fcf-4ba4-9c36-a3694a8bbbfb,Naegen Neomu Beogeoun Bada,ko,completed,2024,Long Strip|Romance|Comedy|Girls' Love|Drama|Web Comic|Full Color,suggestive,39,10,8.127136567669405,,0,,,,,,
2026-09-29,2026-09-29T08:23:19.815867+00:00,9cfa0ad8-5c01-4d03-823d-117470f540d7,Punghon,ko,completed,2020,Action|Long Strip|Martial Arts|Adventure|Drama|Fantasy|Web Comic|Adaptation|Full Color,safe,373,8.1111,8.11232871765042,,0,9abd6710-7ffd-41f2-a2a5-abb0947e970b,,21,pt-br,2025-09-27T18:48:53+00:00,21
2026-09-29,2026-09-29T08:23:19.815867+00:00,a29bdf71-133e-4e2c-924a-1e3819780799,"Nogada Kim-ssi, Jadongsanyang euro Kkul Ppamnida",ko,ongoing,2026,Monsters|Fantasy|Web Comic|Full Color,safe,0,,8.04959183829508,,0,,,,,,
2026-09-29,2026-09-29T08:23:19.815867+00:00,a972aebe-50fb-4dfe-8f61-0150f3659467,The Little Lady Behind the Scenes,ko,completed,2021,Reincarnation|Long Strip|Romance|Reverse Harem|Isekai|Drama|Fantasy|Adaptation|Full Color,safe,9927,8.7534,8.640085978579501,,12,2b6bc35e-e953-4ffb-b5dd-b9509396ebff,4,92,pt-br,2026-09-26T00:20:06+00:00,26
2026-09-29,2026-09-29T08:23:19.815867+00:00,ae0b0102-1adf-4fbe-a87b-04dd2fdde0ca,모르는 만화에 빙의했다,ko,cancelled,,Reincarnation|Romance|Comedy|Harem|Isekai|Adaptation,safe,445,8,8.092897892722874,,0,,,,,,
2026-09-29,2026-09-29T08:23:19.815867+00:00,aec28336-7915-4422-ab29-d54d2a353e80,Error The Echo,ko,ongoing,2026,Action|Long Strip|Drama|Fantasy|Full Color,safe,12,8,8.11162762179454,,0,,,,,,
2026-09-29,2026-09-29T08:23:19.815867+00:00,b6f9aaad-6787-460c-bbb8-af9eb7bcc3e0,Pipyemul Namjuui Eommaga Doeeotda,ko,completed,2023,Long Strip|Romance|Magic|Fantasy|Adaptation|Full Color,safe,6012,8.6025,8.512756622269736,,7,5613328a-4f0c-4530-80cc-03bde4762efa,,25,pl,2026-05-19T17:39:04+00:00,91
2026-09-29,2026-09-29T08:23:19.815867+00:00,bbed470c-5ca5-45ec-8101-474323387734,Survivalism,ko,ongoing,2026,Sci-Fi|Monsters|Action|Long Strip|Survival|Adventure|Isekai|Gore|Horror|Fantasy|Full Color,suggestive,10318,7.8021,7.858507512847927,,12,00407fc9-fe16-4410-827c-92eee4146408,,12,en,2026-09-24T15:55:08+00:00,23
2026-09-29,2026-09-29T08:23:19.815867+00:00,bc890658-888f-41b1-a333-07cb5f5f3625,Gajang Widaehan Masulsa,ko,ongoing,2026,Sci-Fi|Action|Long Strip|Magic|Drama|Fantasy|Full Color,safe,15,,8.04959183829508,,0,,,,,,
2026-09-29,2026-09-29T08:23:19.815867+00:00,c22759b2-f492-471c-a80f-37e672cfb3b4,CookieRun: OvenSmash,ko,ongoing,2026,Sci-Fi|Action|Adventure|Web Comic,safe,8,,8.04959183829508,,0,ad41a5f6-eecd-4c4d-9487-2fa6edefa658,,9,es,2026-09-27T09:56:36+00:00,14
2026-09-29,2026-09-29T08:23:19.815867+00:00,d2a01e38-1c0d-4e4b-a9ae-21d119e8b326,Demon King of the Royal Class,ko,cancelled,2023,Reincarnation|Action|Demons|Long Strip|Comedy|Adventure|Magic|Harem|Isekai|School Life|Fantasy|Web Comic|Slice of Life|Adaptation|Full Color,safe,11365,8.6787,8.617180359008747,,29,ce4cd555-09c4-4e18-8a29-fa0d3ca64e43,2,69,it,2026-09-10T09:51:21+00:00,63
2026-09-29,2026-09-29T08:23:19.815867+00:00,d87c0ba8-de4b-4e71-a278-816d6a1c5805,"Life, Once Again!",ko,hiatus,2023,Time Travel|Long Strip|Romance|Drama|School Life|Fantasy|Web Comic|Slice of Life|Adaptation|Full Color|Tragedy,safe,1750,8.3838,8.23085899225338,,3,,,,,,
2026-09-29,2026-09-29T08:23:19.815867+00:00,db1f4c31-f92f-4f4f-a8c6-fc898e432888,Jeoldae Hoegwi,ko,ongoing,2024,Time Travel|Historical|Action|Long Strip|Martial Arts|Adventure|Wuxia|Fantasy|Adaptation|Full Color,suggestive,4443,9.0583,8.801335559330589,,6,a43e95fd-6bc7-4ca8-a63f-397733325cf4,,69,pl,2026-09-28T08:52:25+00:00,73
2026-09-29,2026-09-29T08:23:19.815867+00:00,dd16dbbc-c317-4f62-8cf5-3525b4083aab,Prologue-eseo 30-nyeoni Heulleotda,ko,ongoing,2026,Reincarnation|Action|Demons|Long Strip|Romance|Harem|Isekai|Drama|Web Comic|Adaptation|Full Color,safe,1332,8.4651,8.254233537170707,,1,34fe8a25-65b0-43c6-8079-dc24c633bfbf,,4,en,2026-08-23T00:07:15+00:00,28
2026-09-29,2026-09-29T08:23:19.815867+00:00,e24d2233-6fe7-4766-8074-d25671522da9,Gollyun e Yong i Sanda,ko,ongoing,2026,Action|Long Strip|Martial Arts|Adventure|Full Color,safe,3,,8.04959183829508,,0,,,,,,
2026-09-29,2026-09-29T08:23:19.815867+00:00,f0aee247-e44a-48b1-a00c-194043e43829,Space Marine ege Sangtaechang i Saenggim,ko,ongoing,2026,Sci-Fi|Action|Long Strip|Military|Fantasy|Aliens|Full Color,safe,160,9.2143,8.221159029511123,,0,,,,,,
2026-09-29,2026-09-29T08:23:19.815867+00:00,f7a990c5-f685-49d2-9009-de6a2a89c7a9,OFF-Mode Mari,ko,ongoing,2024,Comedy|4-Koma|Web Comic|Slice of Life|Full Color,safe,219,9.5556,8.290462361213331,,1,9c588ce3-2065-4cae-bd1a-0285aedc129a,,2,zh-hk,2025-07-11T13:36:05+00:00,1
2026-09-29,2026-09-29T08:23:19.815867+00:00,fe7d5dbe-6f0a-42ed-9a83-67a4315bd3ee,Hunter Sesang-ui Jeongwonsa,ko,completed,2024,Animals|Long Strip|Adventure|Fantasy|Web Comic|Full Color,safe,5114,8.3868,8.326602107655791,,5,3120aa89-9960-426f-8b2a-e905ec7968a7,2,74,en,2026-01-06T04:32:33+00:00,50
2026-09-30,2026-09-30T08:26:39.611005+00:00,0017ab16-4f1f-452a-99d2-5f7dec895a67,Save the Earth!,ko,ongoing,2025,Long Strip|Romance|Comedy|Drama|School Life|Slice of Life|Full Color,safe,60,5.3333,8.048834467186655,,2,a40099d9-cef5-4564-89b8-8b1c8d057930,,18,en,2026-09-29T12:05:45+00:00,50
2026-09-30,2026-09-30T08:26:39.611005+00:00,00cbb62b-b002-464d-bda7-8e650338417e,World Extinction War,ko,ongoing,2026,Sci-Fi|Historical|Action|Long Strip|Martial Arts|Video Games|Magic|Isekai|Fantasy|Web Comic|Full Color,safe,618,8.7451,8.292779902059674,,2,c583895d-d4bb-4775-b29a-2f27c0771e58,,8,en,2026-09-30T07:16:04+00:00,24
2026-09-30,2026-09-30T08:26:39.611005+00:00,024daabd-a693-4f77-8d6a-7fd82e8b94f5,Grand Finale,ko,completed,2025,Sci-Fi|Action|Long Strip|Comedy|Adventure|Drama|Fantasy|Web Comic|Supernatural|Full Color,safe,1977,9.0533,8.620220902065096,,14,5d32f222-851f-486b-a119-176da79bc58a,,4,pt-br,2025-08-05T02:16:28+00:00,98
2026-09-30,2026-09-30T08:26:39.611005+00:00,086ca5e0-17ea-4d28-82ef-6b8eef680c60,The Curious Case of Chronicle,ko,completed,2023,Reincarnation|Sci-Fi|Monsters|Action|Long Strip|Martial Arts|Virtual Reality|Video Games|Magic|Military|Isekai|Drama|Fantasy|Full Color,safe,4472,8.5168,8.4090979539031,,13,,,,,,
2026-09-30,2026-09-30T08:26:39.611005+00:00,0ab7ae56-2800-4426-819d-0cda91aad12a,The Blood Knight’s Villains,ko,cancelled,,Reincarnation|Action|Long Strip|Adventure|Isekai|Drama|Fantasy|Web Comic|Full Color,safe,496,7.0667,7.913871036359202,,0,,,,,,
2026-09-30,2026-09-30T08:26:39.611005+00:00,0db0c050-597e-4068-92e2-e57ea98d86b7,Meongmunsegareul Horyeonghaneun Agi Goyangiimnida,ko,ongoing,2026,Long Strip|Romance|Martial Arts|Fantasy|Adaptation|Full Color,safe,5,,8.04959183829508,,0,,,,,,
2026-09-30,2026-09-30T08:26:39.611005+00:00,0ee13733-f3fd-45b5-8a9e-f306b29856e3,The Villain's Daughter Plans to Run Away,ko,ongoing,2024,Long Strip|Romance|Fantasy|Villainess|Adaptation|Full Color,safe,900,7.7273,8.013929321155915,,0,ab318727-3d6b-4c4e-b93e-2f2ed352692b,,106,pt-br,2026-09-09T05:50:11+00:00,0
2026-09-30,2026-09-30T08:26:39.611005+00:00,105c2a3e-0235-44a4-9b8c-42ae2c555e4e,"My Next-Door Neighbor, the Handsome Stalker Boy",ko,completed,2016,Long Strip|Romance|Comedy|Drama|Web Comic|Slice of Life|Full Color,safe,338,6.6667,8.017489002568396,,0,82d0b603-71ea-4fe4-a3c1-4fba4e70deb7,,7,en,2022-01-08T15:24:19+00:00,12
2026-09-30,2026-09-30T08:26:39.611005+00:00,135907b0-f623-4b4e-9024-959102905508,Nam Goong Sae Ga Prince,ko,completed,2020,Action|Long Strip|Survival|Martial Arts|Adventure|Drama|Adaptation|Full Color,safe,490,7.3182,7.995967238475291,,5,,,,,,
2026-09-30,2026-09-30T08:26:39.611005+00:00,158bc0cc-e79e-4f13-a001-6d0abe9733ab,The House Without Time,ko,completed,2020,Monsters|Action|Demons|Psychological|Animals|Long Strip|Comedy|Martial Arts|Adventure|Magic|Military|Philosophical|Drama|Fantasy|Web Comic|Cooking|Supernatural|Full Color,safe,3763,8.9695,8.729004382045607,,6,bd7eb676-9994-4b96-8e34-379eeadd9321,2,36,pt-br,2025-11-03T03:50:41+00:00,52
2026-09-30,2026-09-30T08:26:39.611005+00:00,18bee24b-2539-4258-b182-d3e1db4b503d,What Happens When You Mess With the Original Novel,ko,ongoing,2025,Reincarnation|Long Strip|Romance|Isekai|Fantasy|Adaptation|Full Color,safe,988,8.3636,8.176759941075348,,1,,,,,,
2026-09-30,2026-09-30T08:26:39.611005+00:00,23ddcbae-7074-4f07-bd23-08177bf31412,Yongsa ui Ballad,ko,ongoing,2026,Action|Long Strip|Adventure|Fantasy|Full Color,safe,215,8.625,8.1426564096081,,0,,,,,,
2026-09-30,2026-09-30T08:26:39.611005+00:00,2b390cec-b461-485a-ad70-d900469f862b,Imsinhan Cheoghaessneunde Nampyeoni Dol Awassda,ko,ongoing,,Long Strip|Romance|Fantasy|Full Color,safe,60,8.75,8.131824355417107,,0,a77edd00-a5ca-45ce-a636-09aab3fb8af1,1,1,pt-br,2026-09-28T03:23:51+00:00,58
2026-09-30,2026-09-30T08:26:39.611005+00:00,39872c85-0375-4f6d-b333-213944337971,Cheonmanchongchun,ko,ongoing,2024,Long Strip|Romance|Comedy|Drama|School Life|Slice of Life|Full Color,safe,4,,8.04959183829508,,0,,,,,,
2026-09-30,2026-09-30T08:26:39.611005+00:00,3bec73a8-4bcb-4a5c-841b-96553d6bac9f,"Will You Marry Me Under Contract, Your Highness?",ko,completed,2024,Time Travel|Long Strip|Romance|Magic|Fantasy|Adaptation|Full Color,safe,81,8.75,8.131824355417107,,0,,,,,,
2026-09-30,2026-09-30T08:26:39.611005+00:00,3fc74fb2-ae93-4bb0-b912-a4c5d5f7b594,The Incognito Princess,ko,ongoing,2024,Reincarnation|Long Strip|Romance|Isekai|Fantasy|Villainess|Supernatural|Adaptation|Full Color,safe,4113,8.9305,8.702450715544828,,9,a92bed04-529c-41bb-bf10-20af1f811f8d,,44,en,2025-05-10T01:43:46+00:00,68
2026-09-30,2026-09-30T08:26:39.611005+00:00,412ab8fe-eca9-47c9-8f5c-f6deb75622e9,The Beloved Little Princess,ko,completed,2020,Reincarnation|Action|Long Strip|Romance|Comedy|Magic|Fantasy|Web Comic|Adaptation|Full Color,safe,46985,8.7132,8.68601561320172,,607,,,,,,
2026-09-30,2026-09-30T08:26:39.611005+00:00,429d98fa-1352-4adf-94d1-969efafec386,The Doctor Is Out,ko,hiatus,2022,Time Travel|Long Strip|Romance|Comedy|Drama|Fantasy|Adaptation|Full Color,safe,370,8.1429,8.116779734751427,,1,d079134b-a018-433d-9fd9-1f48d3d01040,,99,id,2025-11-21T14:04:24+00:00,18
2026-09-30,2026-09-30T08:26:39.611005+00:00,53c12cd2-f7ff-4976-b16a-c83efdeedb6f,Jeongnyeongwang Elqueeness,ko,ongoing,2017,Reincarnation|Long Strip|Adventure|Fantasy|Slice of Life|Adaptation|Full Color,safe,10831,8.3365,8.306675196289861,,178,f61f5028-1296-439e-af13-f4d0074e4b64,7,319,en,2026-09-28T07:11:47+00:00,16
2026-09-30,2026-09-30T08:26:39.611005+00:00,56691e99-ca6d-4360-bae1-0a0dfb85866b,Jungse Fantasy sok Mangnani Gyeongbijojang,ko,ongoing,2024,Monsters|Action|Demons|Long Strip|Magic|Drama|Fantasy|Adaptation|Full Color|Tragedy,safe,4946,8.6688,8.505542602634696,,7,f271c05b-1d0c-4dac-81a2-2d89eafdb10d,,4,pl,2025-04-16T08:16:40+00:00,101
2026-09-30,2026-09-30T08:26:39.611005+00:00,590ce306-df89-4cec-94c3-886d01422174,Angel or Villainess,ko,completed,2020,Reincarnation|Time Travel|Long Strip|Romance|Magic|Drama|Fantasy|Adaptation|Full Color|Tragedy,safe,25613,7.963,7.9808461419407655,,368,75386aed-c85f-4fb9-8ba8-aa625a55b6a6,,44,en,2021-09-11T12:12:46+00:00,10
2026-09-30,2026-09-30T08:26:39.611005+00:00,5a0b8181-1fe1-4f59-8b0b-60e720a3326c,Samnyumuga Cheonhajeirin,ko,ongoing,2026,Action|Long Strip|Martial Arts|Drama|Fantasy|Adaptation|Full Color,safe,4,,8.04959183829508,,0,,,,,,
2026-09-30,2026-09-30T08:26:39.611005+00:00,6a50ffeb-9678-47b4-868e-15fe0febe188,My Darling Signed In,ko,completed,2017,Long Strip|Romance|Comedy|Boys' Love|Video Games|Web Comic|Full Color,safe,910,8.2785,8.175858318083053,,8,e3d50ade-42a5-4f95-a147-30a3c90e2a47,,3,en,2023-03-11T16:53:33+00:00,0
2026-09-30,2026-09-30T08:26:39.611005+00:00,6ba386d5-1c6d-43e7-886f-209b69a326c1,The Youngest Is Trying to Prevent the World From Ending,ko,ongoing,2024,Reincarnation|Long Strip|Romance|Isekai|Fantasy|Villainess|Adaptation|Full Color,safe,801,7.2778,8.009559307902588,,0,4cf1659b-f984-4988-a0f8-696ce1b722e8,,27,fr,2026-08-30T17:46:08+00:00,73
2026-09-30,2026-09-30T08:26:39.611005+00:00,6ebc38c9-367a-4fba-ab36-ad9a957ee7d1,백합의 우울,ko,completed,2023,Long Strip|Comedy|Girls' Love|Drama|School Life|Full Color,safe,236,9.1282,8.349760511147178,,0,92048c39-4849-4ee0-8b09-a31fcb8bcb0c,,62,id,2026-09-21T05:54:27+00:00,37
2026-09-30,2026-09-30T08:26:39.611005+00:00,7837bdeb-80ea-4ad7-b817-b529e9b964c6,Gang Min-su,ko,completed,2024,Long Strip|Comedy|Crime|Full Color,suggestive,0,,8.04959183829508,,0,,,,,,
2026-09-30,2026-09-30T08:26:39.611005+00:00,7a020035-69b2-41eb-89d6-bca97cb729df,Pahonhan Yeongaeneun Ending Oeen Jipchakaji Anneunda,ko,ongoing,2023,Long Strip|Romance|Magic|Isekai|Fantasy|Adaptation|Full Color,safe,165,6.8,8.017362231926858,,0,,,,,,
2026-09-30,2026-09-30T08:26:39.611005+00:00,84805b94-6eeb-42ff-abb7-b2d8614c2804,Contract Marriage with the Second Lead,ko,completed,2025,Reincarnation|Long Strip|Romance|Isekai|Drama|Fantasy|Web Comic|Adaptation|Full Color,safe,43,8.5,8.124246176822163,,0,,,,,,
2026-09-30,2026-09-30T08:26:39.611005+00:00,862a5df8-6a71-4cbb-a445-d4d0d769cd7f,Jugeotneunde Wae Jipchak Haseyo,ko,ongoing,2024,Long Strip|Romance|Drama|Fantasy|Full Color,safe,639,8.3333,8.147378097513084,,1,b87478a0-a385-48f7-ac90-e03f38edc824,1,1,pl,2025-01-30T13:21:39+00:00,78
2026-09-30,2026-09-30T08:26:39.611005+00:00,8a17cccd-b82b-407f-a096-a2d077b7e048,Borderline,ko,ongoing,2025,Long Strip|Romance|Drama|Full Color,safe,116,3.3333,8.003018191698791,,0,b6ffa422-a887-4607-b7e3-851e5790a80e,,5,en,2025-05-01T02:56:34+00:00,22
2026-09-30,2026-09-30T08:26:39.611005+00:00,921e672c-9b37-4e7b-9017-da67b8bbef4c,Sacheondangga ui Jangnyeo neun Gamun eul Jikinda,ko,ongoing,2026,Time Travel|Long Strip|Romance|Martial Arts|Fantasy|Web Comic|Adaptation|Full Color,safe,44,9,8.132830972247742,,0,01ad6d2d-5e9c-4ba0-8892-dc48a0c37ca2,,8,fr,2026-06-27T14:29:04+00:00,33
2026-09-30,2026-09-30T08:26:39.611005+00:00,92c54956-3fcf-4ba4-9c36-a3694a8bbbfb,Naegen Neomu Beogeoun Bada,ko,completed,2024,Long Strip|Romance|Comedy|Girls' Love|Drama|Web Comic|Full Color,suggestive,76,9.6667,8.148103064077029,,0,,,,,,
2026-09-30,2026-09-30T08:26:39.611005+00:00,9cfa0ad8-5c01-4d03-823d-117470f540d7,Punghon,ko,completed,2020,Action|Long Strip|Martial Arts|Adventure|Drama|Fantasy|Web Comic|Adaptation|Full Color,safe,373,8.1111,8.11232871765042,,0,9abd6710-7ffd-41f2-a2a5-abb0947e970b,,21,pt-br,2025-09-27T18:48:53+00:00,21
2026-09-30,2026-09-30T08:26:39.611005+00:00,a29bdf71-133e-4e2c-924a-1e3819780799,"Nogada Kim-ssi, Jadongsanyang euro Kkul Ppamnida",ko,ongoing,2026,Monsters|Fantasy|Web Comic|Full Color,safe,3,,8.04959183829508,,0,,,,,,
2026-09-30,2026-09-30T08:26:39.611005+00:00,a972aebe-50fb-4dfe-8f61-0150f3659467,The Little Lady Behind the Scenes,ko,completed,2021,Reincarnation|Long Strip|Romance|Reverse Harem|Isekai|Drama|Fantasy|Adaptation|Full Color,safe,9932,8.7534,8.640085978579501,,12,2e6ab080-6240-46cb-9a97-95672622887b,4,93,pt-br,2026-09-30T02:37:31+00:00,38
2026-09-30,2026-09-30T08:26:39.611005+00:00,ae0b0102-1adf-4fbe-a87b-04dd2fdde0ca,모르는 만화에 빙의했다,ko,cancelled,,Reincarnation|Romance|Comedy|Harem|Isekai|Adaptation,safe,446,8,8.092897892722874,,0,,,,,,
2026-09-30,2026-09-30T08:26:39.611005+00:00,aec28336-7915-4422-ab29-d54d2a353e80,Error The Echo,ko,ongoing,2026,Action|Long Strip|Drama|Fantasy|Full Color,safe,22,8.3333,8.117558880418454,,0,,,,,,
2026-09-30,2026-09-30T08:26:39.611005+00:00,b6f9aaad-6787-460c-bbb8-af9eb7bcc3e0,Pipyemul Namjuui Eommaga Doeeotda,ko,completed,2023,Long Strip|Romance|Magic|Fantasy|Adaptation|Full Color,safe,6014,8.6025,8.512756622269736,,7,5613328a-4f0c-4530-80cc-03bde4762efa,,25,pl,2026-05-19T17:39:04+00:00,91
2026-09-30,2026-09-30T08:26:39.611005+00:00,bbed470c-5ca5-45ec-8101-474323387734,Survivalism,ko,ongoing,2026,Sci-Fi|Monsters|Action|Long Strip|Survival|Adventure|Isekai|Gore|Horror|Fantasy|Full Color,suggestive,10374,7.8069,7.862131980070671,,12,00407fc9-fe16-4410-827c-92eee4146408,,12,en,2026-09-24T15:55:08+00:00,23
2026-09-30,2026-09-30T08:26:39.611005+00:00,c22759b2-f492-471c-a80f-37e672cfb3b4,CookieRun: OvenSmash,ko,ongoing,2026,Sci-Fi|Action|Adventure|Web Comic,safe,8,,8.04959183829508,,0,ad41a5f6-eecd-4c4d-9487-2fa6edefa658,,9,es,2026-09-27T09:56:36+00:00,14
2026-09-30,2026-09-30T08:26:39.611005+00:00,c742ca22-1efd-47d3-8cd5-d69f9d13de88,My Husband Was Stolen Twice,ko,ongoing,2025,Long Strip|Isekai|Drama|Fantasy|Web Comic|Adaptation|Full Color,safe,70,5.5,8.072294650198888,,0,,,,,,
2026-09-30,2026-09-30T08:26:39.611005+00:00,c93a3547-f919-4f04-b17d-b9a75c47fe92,Deuraegon Yeochini Gwihwanhaetda,ko,ongoing,2026,Reincarnation|Monsters|Action|Long Strip|Romance|Comedy|Adventure|Magic|Fantasy|Monster Girls|Web Comic|Slice of Life|Supernatural|Adaptation|Full Color,suggestive,386,9.2,8.226607076480356,,1,e2521973-8f85-4c03-8663-6d9511e8b362,,1,ar,2026-09-29T19:39:52+00:00,21
2026-09-30,2026-09-30T08:26:39.611005+00:00,d2a01e38-1c0d-4e4b-a9ae-21d119e8b326,Demon King of the Royal Class,ko,cancelled,2023,Reincarnation|Action|Demons|Long Strip|Comedy|Adventure|Magic|Harem|Isekai|School Life|Fantasy|Web Comic|Slice of Life|Adaptation|Full Color,safe,11364,8.6787,8.617180359008747,,29,ce4cd555-09c4-4e18-8a29-fa0d3ca64e43,2,69,it,2026-09-10T09:51:21+00:00,63
2026-09-30,2026-09-30T08:26:39.611005+00:00,d5339855-963b-466d-a3b9-e6ebecde36ac,Hashtag-neun Cheotsarang,ko,ongoing,2025,Long Strip|Romance|Drama|School Life|Supernatural|Full Color,suggestive,3,,8.04959183829508,,0,,,,,,
2026-09-30,2026-09-30T08:26:39.611005+00:00,db1f4c31-f92f-4f4f-a8c6-fc898e432888,Jeoldae Hoegwi,ko,ongoing,2024,Time Travel|Historical|Action|Long Strip|Martial Arts|Adventure|Wuxia|Fantasy|Adaptation|Full Color,suggestive,4446,9.0638,8.806404359826338,,6,a43e95fd-6bc7-4ca8-a63f-397733325cf4,,69,pl,2026-09-28T08:52:25+00:00,73
2026-09-30,2026-09-30T08:26:39.611005+00:00,dd16dbbc-c317-4f62-8cf5-3525b4083aab,Prologue-eseo 30-nyeoni Heulleotda,ko,ongoing,2026,Reincarnation|Action|Demons|Long Strip|Romance|Harem|Isekai|Drama|Web Comic|Adaptation|Full Color,safe,1346,8.4651,8.254233537170707,,1,34fe8a25-65b0-43c6-8079-dc24c633bfbf,,4,en,2026-08-23T00:07:15+00:00,28
2026-09-30,2026-09-30T08:26:39.611005+00:00,e24d2233-6fe7-4766-8074-d25671522da9,Gollyun e Yong i Sanda,ko,ongoing,2026,Action|Long Strip|Martial Arts|Adventure|Full Color,safe,3,,8.04959183829508,,0,,,,,,
2026-09-30,2026-09-30T08:26:39.611005+00:00,f0aee247-e44a-48b1-a00c-194043e43829,Space Marine ege Sangtaechang i Saenggim,ko,ongoing,2026,Sci-Fi|Action|Long Strip|Military|Fantasy|Aliens|Full Color,safe,161,9.2143,8.221159029511123,,0,,,,,,
2026-09-30,2026-09-30T08:26:39.611005+00:00,f7a990c5-f685-49d2-9009-de6a2a89c7a9,OFF-Mode Mari,ko,ongoing,2024,Comedy|4-Koma|Web Comic|Slice of Life|Full Color,safe,219,9.5556,8.290462361213331,,1,9c588ce3-2065-4cae-bd1a-0285aedc129a,,2,zh-hk,2025-07-11T13:36:05+00:00,1
2026-09-30,2026-09-30T08:26:39.611005+00:00,fe7d5dbe-6f0a-42ed-9a83-67a4315bd3ee,Hunter Sesang-ui Jeongwonsa,ko,completed,2024,Animals|Long Strip|Adventure|Fantasy|Web Comic|Full Color,safe,5113,8.3868,8.326602107655791,,5,3120aa89-9960-426f-8b2a-e905ec7968a7,2,74,en,2026-01-06T04:32:33+00:00,50
2026-10-01,2026-10-01T08:49:01.320234+00:00,0017ab16-4f1f-452a-99d2-5f7dec895a67,Save the Earth!,ko,ongoing,2025,Long Strip|Romance|Comedy|Drama|School Life|Slice of Life|Full Color,safe,63,5.3333,8.048834467186655,,2,c1a63f10-c97b-4837-8e33-eb146f056492,,19,en,2026-10-01T00:13:24+00:00,43
2026-10-01,2026-10-01T08:49:01.320234+00:00,00cbb62b-b002-464d-bda7-8e650338417e,World Extinction War,ko,ongoing,2026,Sci-Fi|Historical|Action|Long Strip|Martial Arts|Video Games|Magic|Isekai|Fantasy|Web Comic|Full Color,safe,674,8.6897,8.292513931465622,,2,479eea73-9728-4bcd-a1c9-b9f222149a65,,9,en,2026-09-30T21:24:52+00:00,28
2026-10-01,2026-10-01T08:49:01.320234+00:00,024daabd-a693-4f77-8d6a-7fd82e8b94f5,Grand Finale,ko,completed,2025,Sci-Fi|Action|Long Strip|Comedy|Adventure|Drama|Fantasy|Web Comic|Supernatural|Full Color,safe,1976,9.0533,8.620220902065096,,14,5d32f222-851f-486b-a119-176da79bc58a,,4,pt-br,2025-08-05T02:16:28+00:00,98
2026-10-01,2026-10-01T08:49:01.320234+00:00,086ca5e0-17ea-4d28-82ef-6b8eef680c60,The Curious Case of Chronicle,ko,completed,2023,Reincarnation|Sci-Fi|Monsters|Action|Long Strip|Martial Arts|Virtual Reality|Video Games|Magic|Military|Isekai|Drama|Fantasy|Full Color,safe,4472,8.5168,8.4090979539031,,13,,,,,,
2026-10-01,2026-10-01T08:49:01.320234+00:00,0ab7ae56-2800-4426-819d-0cda91aad12a,The Blood Knight’s Villains,ko,cancelled,,Reincarnation|Action|Long Strip|Adventure|Isekai|Drama|Fantasy|Web Comic|Full Color,safe,496,7.0667,7.913871036359202,,0,,,,,,
2026-10-01,2026-10-01T08:49:01.320234+00:00,0db0c050-597e-4068-92e2-e57ea98d86b7,Meongmunsegareul Horyeonghaneun Agi Goyangiimnida,ko,ongoing,2026,Long Strip|Romance|Martial Arts|Fantasy|Adaptation|Full Color,safe,5,,8.04959183829508,,0,,,,,,
2026-10-01,2026-10-01T08:49:01.320234+00:00,0ee13733-f3fd-45b5-8a9e-f306b29856e3,The Villain's Daughter Plans to Run Away,ko,ongoing,2024,Long Strip|Romance|Fantasy|Villainess|Adaptation|Full Color,safe,900,7.7273,8.013929321155915,,0,ab318727-3d6b-4c4e-b93e-2f2ed352692b,,106,pt-br,2026-09-09T05:50:11+00:00,0
2026-10-01,2026-10-01T08:49:01.320234+00:00,105c2a3e-0235-44a4-9b8c-42ae2c555e4e,"My Next-Door Neighbor, the Handsome Stalker Boy",ko,completed,2016,Long Strip|Romance|Comedy|Drama|Web Comic|Slice of Life|Full Color,safe,338,6.6667,8.017489002568396,,0,82d0b603-71ea-4fe4-a3c1-4fba4e70deb7,,7,en,2022-01-08T15:24:19+00:00,12
2026-10-01,2026-10-01T08:49:01.320234+00:00,158bc0cc-e79e-4f13-a001-6d0abe9733ab,The House Without Time,ko,completed,2020,Monsters|Action|Demons|Psychological|Animals|Long Strip|Comedy|Martial Arts|Adventure|Magic|Military|Philosophical|Drama|Fantasy|Web Comic|Cooking|Supernatural|Full Color,safe,3763,8.9695,8.729004382045607,,6,bd7eb676-9994-4b96-8e34-379eeadd9321,2,36,pt-br,2025-11-03T03:50:41+00:00,52
2026-10-01,2026-10-01T08:49:01.320234+00:00,18bee24b-2539-4258-b182-d3e1db4b503d,What Happens When You Mess With the Original Novel,ko,ongoing,2025,Reincarnation|Long Strip|Romance|Isekai|Fantasy|Adaptation|Full Color,safe,988,8.3636,8.176759941075348,,1,,,,,,
2026-10-01,2026-10-01T08:49:01.320234+00:00,23ddcbae-7074-4f07-bd23-08177bf31412,Yongsa ui Ballad,ko,ongoing,2026,Action|Long Strip|Adventure|Fantasy|Full Color,safe,228,8.7778,8.156217836474294,,0,,,,,,
2026-10-01,2026-10-01T08:49:01.320234+00:00,2b390cec-b461-485a-ad70-d900469f862b,Imsinhan Cheoghaessneunde Nampyeoni Dol Awassda,ko,ongoing,,Long Strip|Romance|Fantasy|Full Color,safe,61,8.75,8.131824355417107,,0,a77edd00-a5ca-45ce-a636-09aab3fb8af1,1,1,pt-br,2026-09-28T03:23:51+00:00,58
2026-10-01,2026-10-01T08:49:01.320234+00:00,39872c85-0375-4f6d-b333-213944337971,Cheonmanchongchun,ko,ongoing,2024,Long Strip|Romance|Comedy|Drama|School Life|Slice of Life|Full Color,safe,4,,8.04959183829508,,0,,,,,,
2026-10-01,2026-10-01T08:49:01.320234+00:00,3bec73a8-4bcb-4a5c-841b-96553d6bac9f,"Will You Marry Me Under Contract, Your Highness?",ko,completed,2024,Time Travel|Long Strip|Romance|Magic|Fantasy|Adaptation|Full Color,safe,82,8.75,8.131824355417107,,0,,,,,,
2026-10-01,2026-10-01T08:49:01.320234+00:00,3fc74fb2-ae93-4bb0-b912-a4c5d5f7b594,The Incognito Princess,ko,ongoing,2024,Reincarnation|Long Strip|Romance|Isekai|Fantasy|Villainess|Supernatural|Adaptation|Full Color,safe,4115,8.9305,8.702450715544828,,9,a92bed04-529c-41bb-bf10-20af1f811f8d,,44,en,2025-05-10T01:43:46+00:00,68
2026-10-01,2026-10-01T08:49:01.320234+00:00,412ab8fe-eca9-47c9-8f5c-f6deb75622e9,The Beloved Little Princess,ko,completed,2020,Reincarnation|Action|Long Strip|Romance|Comedy|Magic|Fantasy|Web Comic|Adaptation|Full Color,safe,46985,8.7132,8.68601561320172,,607,,,,,,
2026-10-01,2026-10-01T08:49:01.320234+00:00,429d98fa-1352-4adf-94d1-969efafec386,The Doctor Is Out,ko,hiatus,2022,Time Travel|Long Strip|Romance|Comedy|Drama|Fantasy|Adaptation|Full Color,safe,370,8.1429,8.116779734751427,,1,d079134b-a018-433d-9fd9-1f48d3d01040,,99,id,2025-11-21T14:04:24+00:00,18
2026-10-01,2026-10-01T08:49:01.320234+00:00,53c12cd2-f7ff-4976-b16a-c83efdeedb6f,Jeongnyeongwang Elqueeness,ko,ongoing,2017,Reincarnation|Long Strip|Adventure|Fantasy|Slice of Life|Adaptation|Full Color,safe,10831,8.3365,8.306675196289861,,178,f61f5028-1296-439e-af13-f4d0074e4b64,7,319,en,2026-09-28T07:11:47+00:00,16
2026-10-01,2026-10-01T08:49:01.320234+00:00,56691e99-ca6d-4360-bae1-0a0dfb85866b,Jungse Fantasy sok Mangnani Gyeongbijojang,ko,ongoing,2024,Monsters|Action|Demons|Long Strip|Magic|Drama|Fantasy|Adaptation|Full Color|Tragedy,safe,4946,8.6688,8.505542602634696,,7,f271c05b-1d0c-4dac-81a2-2d89eafdb10d,,4,pl,2025-04-16T08:16:40+00:00,101
2026-10-01,2026-10-01T08:49:01.320234+00:00,590ce306-df89-4cec-94c3-886d01422174,Angel or Villainess,ko,completed,2020,Reincarnation|Time Travel|Long Strip|Romance|Magic|Drama|Fantasy|Adaptation|Full Color|Tragedy,safe,25613,7.963,7.9808461419407655,,368,75386aed-c85f-4fb9-8ba8-aa625a55b6a6,,44,en,2021-09-11T12:12:46+00:00,10
2026-10-01,2026-10-01T08:49:01.320234+00:00,6a50ffeb-9678-47b4-868e-15fe0febe188,My Darling Signed In,ko,completed,2017,Long Strip|Romance|Comedy|Boys' Love|Video Games|Web Comic|Full Color,safe,910,8.2785,8.175858318083053,,8,e3d50ade-42a5-4f95-a147-30a3c90e2a47,,3,en,2023-03-11T16:53:33+00:00,0
2026-10-01,2026-10-01T08:49:01.320234+00:00,6ba386d5-1c6d-43e7-886f-209b69a326c1,The Youngest Is Trying to Prevent the World From Ending,ko,ongoing,2024,Reincarnation|Long Strip|Romance|Isekai|Fantasy|Villainess|Adaptation|Full Color,safe,801,7.2778,8.009559307902588,,0,4cf1659b-f984-4988-a0f8-696ce1b722e8,,27,fr,2026-08-30T17:46:08+00:00,73
2026-10-01,2026-10-01T08:49:01.320234+00:00,6ebc38c9-367a-4fba-ab36-ad9a957ee7d1,백합의 우울,ko,completed,2023,Long Strip|Comedy|Girls' Love|Drama|School Life|Full Color,safe,240,9.1282,8.349760511147178,,0,92048c39-4849-4ee0-8b09-a31fcb8bcb0c,,62,id,2026-09-21T05:54:27+00:00,37
2026-10-01,2026-10-01T08:49:01.320234+00:00,7837bdeb-80ea-4ad7-b817-b529e9b964c6,Gang Min-su,ko,completed,2024,Long Strip|Comedy|Crime|Full Color,suggestive,3,,8.04959183829508,,0,,,,,,
2026-10-01,2026-10-01T08:49:01.320234+00:00,7a020035-69b2-41eb-89d6-bca97cb729df,Pahonhan Yeongaeneun Ending Oeen Jipchakaji Anneunda,ko,ongoing,2023,Long Strip|Romance|Magic|Isekai|Fantasy|Adaptation|Full Color,safe,165,6.8,8.017362231926858,,0,,,,,,
2026-10-01,2026-10-01T08:49:01.320234+00:00,84805b94-6eeb-42ff-abb7-b2d8614c2804,Contract Marriage with the Second Lead,ko,completed,2025,Reincarnation|Long Strip|Romance|Isekai|Drama|Fantasy|Web Comic|Adaptation|Full Color,safe,43,8.5,8.124246176822163,,0,,,,,,
2026-10-01,2026-10-01T08:49:01.320234+00:00,862a5df8-6a71-4cbb-a445-d4d0d769cd7f,Jugeotneunde Wae Jipchak Haseyo,ko,ongoing,2024,Long Strip|Romance|Drama|Fantasy|Full Color,safe,641,8.3333,8.147378097513084,,1,b87478a0-a385-48f7-ac90-e03f38edc824,1,1,pl,2025-01-30T13:21:39+00:00,78
2026-10-01,2026-10-01T08:49:01.320234+00:00,8a17cccd-b82b-407f-a096-a2d077b7e048,Borderline,ko,ongoing,2025,Long Strip|Romance|Drama|Full Color,safe,116,3.3333,8.003018191698791,,0,b6ffa422-a887-4607-b7e3-851e5790a80e,,5,en,2025-05-01T02:56:34+00:00,22
2026-10-01,2026-10-01T08:49:01.320234+00:00,8b16ea4a-30a7-43c6-8833-3e12d3e56329,The Watching,ko,completed,2014,Monsters|Long Strip|Horror|Web Comic|Mystery|Full Color,safe,195,7.413,7.927541380621358,,9,,,,,,
2026-10-01,2026-10-01T08:49:01.320234+00:00,921e672c-9b37-4e7b-9017-da67b8bbef4c,Sacheondangga ui Jangnyeo neun Gamun eul Jikinda,ko,ongoing,2026,Time Travel|Long Strip|Romance|Martial Arts|Fantasy|Web Comic|Adaptation|Full Color,safe,44,9,8.132830972247742,,0,01ad6d2d-5e9c-4ba0-8892-dc48a0c37ca2,,8,fr,2026-06-27T14:29:04+00:00,33
2026-10-01,2026-10-01T08:49:01.320234+00:00,92c54956-3fcf-4ba4-9c36-a3694a8bbbfb,Naegen Neomu Beogeoun Bada,ko,completed,2024,Long Strip|Romance|Comedy|Girls' Love|Drama|Web Comic|Full Color,suggestive,98,9.6667,8.148103064077029,,0,,,,,,
2026-10-01,2026-10-01T08:49:01.320234+00:00,9cfa0ad8-5c01-4d03-823d-117470f540d7,Punghon,ko,completed,2020,Action|Long Strip|Martial Arts|Adventure|Drama|Fantasy|Web Comic|Adaptation|Full Color,safe,373,8.1111,8.11232871765042,,0,9abd6710-7ffd-41f2-a2a5-abb0947e970b,,21,pt-br,2025-09-27T18:48:53+00:00,21
2026-10-01,2026-10-01T08:49:01.320234+00:00,a29bdf71-133e-4e2c-924a-1e3819780799,"Nogada Kim-ssi, Jadongsanyang euro Kkul Ppamnida",ko,ongoing,2026,Monsters|Fantasy|Web Comic|Full Color,safe,5,,8.04959183829508,,0,,,,,,
2026-10-01,2026-10-01T08:49:01.320234+00:00,a972aebe-50fb-4dfe-8f61-0150f3659467,The Little Lady Behind the Scenes,ko,completed,2021,Reincarnation|Long Strip|Romance|Reverse Harem|Isekai|Drama|Fantasy|Adaptation|Full Color,safe,9935,8.7534,8.640085978579501,,12,2e6ab080-6240-46cb-9a97-95672622887b,4,93,pt-br,2026-09-30T02:37:31+00:00,38
2026-10-01,2026-10-01T08:49:01.320234+00:00,ae0b0102-1adf-4fbe-a87b-04dd2fdde0ca,모르는 만화에 빙의했다,ko,cancelled,,Reincarnation|Romance|Comedy|Harem|Isekai|Adaptation,safe,448,8,8.092897892722874,,0,,,,,,
2026-10-01,2026-10-01T08:49:01.320234+00:00,aec28336-7915-4422-ab29-d54d2a353e80,Error The Echo,ko,ongoing,2026,Action|Long Strip|Drama|Fantasy|Full Color,safe,37,8.3333,8.117558880418454,,0,,,,,,
2026-10-01,2026-10-01T08:49:01.320234+00:00,b3a76028-8968-4112-bef3-57a64e5d60c3,Kkonman Kiuneunde Neomugangham,ko,completed,2020,Monsters|Action|Long Strip|Comedy|Adventure|Virtual Reality|Video Games|Magic|Fantasy|Web Comic|Adaptation|Full Color,safe,23056,8.6502,8.605823630494477,,165,36cf0e0d-4075-4282-b488-f783312a4a82,,39,pt-br,2022-11-06T04:06:26+00:00,51
2026-10-01,2026-10-01T08:49:01.320234+00:00,b6f9aaad-6787-460c-bbb8-af9eb7bcc3e0,Pipyemul Namjuui Eommaga Doeeotda,ko,completed,2023,Long Strip|Romance|Magic|Fantasy|Adaptation|Full Color,safe,6015,8.6049,8.514881383669287,,7,5613328a-4f0c-4530-80cc-03bde4762efa,,25,pl,2026-05-19T17:39:04+00:00,91
2026-10-01,2026-10-01T08:49:01.320234+00:00,bbed470c-5ca5-45ec-8101-474323387734,Survivalism,ko,ongoing,2026,Sci-Fi|Monsters|Action|Long Strip|Survival|Adventure|Isekai|Gore|Horror|Fantasy|Full Color,suggestive,10432,7.8171,7.870111891172192,,12,00407fc9-fe16-4410-827c-92eee4146408,,12,en,2026-09-24T15:55:08+00:00,23
2026-10-01,2026-10-01T08:49:01.320234+00:00,c22759b2-f492-471c-a80f-37e672cfb3b4,CookieRun: OvenSmash,ko,ongoing,2026,Sci-Fi|Action|Adventure|Web Comic,safe,8,,8.04959183829508,,0,ad41a5f6-eecd-4c4d-9487-2fa6edefa658,,9,es,2026-09-27T09:56:36+00:00,14
2026-10-01,2026-10-01T08:49:01.320234+00:00,c742ca22-1efd-47d3-8cd5-d69f9d13de88,My Husband Was Stolen Twice,ko,ongoing,2025,Long Strip|Isekai|Drama|Fantasy|Web Comic|Adaptation|Full Color,safe,70,5.5,8.072294650198888,,0,,,,,,
2026-10-01,2026-10-01T08:49:01.320234+00:00,c93a3547-f919-4f04-b17d-b9a75c47fe92,Deuraegon Yeochini Gwihwanhaetda,ko,ongoing,2026,Reincarnation|Monsters|Action|Long Strip|Romance|Comedy|Adventure|Magic|Fantasy|Monster Girls|Web Comic|Slice of Life|Supernatural|Adaptation|Full Color,suggestive,732,9.3077,8.314340985112686,,1,e2521973-8f85-4c03-8663-6d9511e8b362,,1,ar,2026-09-29T19:39:52+00:00,21
2026-10-01,2026-10-01T08:49:01.320234+00:00,d2a01e38-1c0d-4e4b-a9ae-21d119e8b326,Demon King of the Royal Class,ko,cancelled,2023,Reincarnation|Action|Demons|Long Strip|Comedy|Adventure|Magic|Harem|Isekai|School Life|Fantasy|Web Comic|Slice of Life|Adaptation|Full Color,safe,11364,8.6787,8.617180359008747,,29,ce4cd555-09c4-4e18-8a29-fa0d3ca64e43,2,69,it,2026-09-10T09:51:21+00:00,63
2026-10-01,2026-10-01T08:49:01.320234+00:00,d5339855-963b-466d-a3b9-e6ebecde36ac,Hashtag-neun Cheotsarang,ko,ongoing,2025,Long Strip|Romance|Drama|School Life|Supernatural|Full Color,suggestive,3,,8.04959183829508,,0,,,,,,
2026-10-01,2026-10-01T08:49:01.320234+00:00,db1f4c31-f92f-4f4f-a8c6-fc898e432888,Jeoldae Hoegwi,ko,ongoing,2024,Time Travel|Historical|Action|Long Strip|Martial Arts|Adventure|Wuxia|Fantasy|Adaptation|Full Color,suggestive,4447,9.0638,8.806404359826338,,6,a43e95fd-6bc7-4ca8-a63f-397733325cf4,,69,pl,2026-09-28T08:52:25+00:00,73
2026-10-01,2026-10-01T08:49:01.320234+00:00,dd16dbbc-c317-4f62-8cf5-3525b4083aab,Prologue-eseo 30-nyeoni Heulleotda,ko,ongoing,2026,Reincarnation|Action|Demons|Long Strip|Romance|Harem|Isekai|Drama|Web Comic|Adaptation|Full Color,safe,1359,8.4651,8.254233537170707,,1,34fe8a25-65b0-43c6-8079-dc24c633bfbf,,4,en,2026-08-23T00:07:15+00:00,28
2026-10-01,2026-10-01T08:49:01.320234+00:00,e24d2233-6fe7-4766-8074-d25671522da9,Gollyun e Yong i Sanda,ko,ongoing,2026,Action|Long Strip|Martial Arts|Adventure|Full Color,safe,3,,8.04959183829508,,0,,,,,,
2026-10-01,2026-10-01T08:49:01.320234+00:00,f7a990c5-f685-49d2-9009-de6a2a89c7a9,OFF-Mode Mari,ko,ongoing,2024,Comedy|4-Koma|Web Comic|Slice of Life|Full Color,safe,219,9.5556,8.290462361213331,,1,9c588ce3-2065-4cae-bd1a-0285aedc129a,,2,zh-hk,2025-07-11T13:36:05+00:00,1
2026-10-01,2026-10-01T08:49:01.320234+00:00,f90df7aa-c8cd-4ca7-842c-b3dbe38b8b2a,Schoolboy vs The World,ko,completed,2023,Action|Long Strip|Romance|Comedy|School Life|Web Comic|Full Color,safe,302,8.84,8.231405322094407,,0,40ffc74b-02a2-45ac-8c22-c75f085d4d7c,,1,pt-br,2026-09-27T02:21:43+00:00,80
2026-10-01,2026-10-01T08:49:01.320234+00:00,fe7d5dbe-6f0a-42ed-9a83-67a4315bd3ee,Hunter Sesang-ui Jeongwonsa,ko,completed,2024,Animals|Long Strip|Adventure|Fantasy|Web Comic|Full Color,safe,5114,8.3868,8.326602107655791,,5,3120aa89-9960-426f-8b2a-e905ec7968a7,2,74,en,2026-01-06T04:32:33+00:00,50
2026-10-02,2026-10-02T08:25:32.720012+00:00,0017ab16-4f1f-452a-99d2-5f7dec895a67,Save the Earth!,ko,ongoing,2025,Long Strip|Romance|Comedy|Drama|School Life|Slice of Life|Full Color,safe,63,5.3333,8.048834467186655,,2,c1a63f10-c97b-4837-8e33-eb146f056492,,19,en,2026-10-01T00:13:24+00:00,43
2026-10-02,2026-10-02T08:25:32.720012+00:00,00cbb62b-b002-464d-bda7-8e650338417e,World Extinction War,ko,ongoing,2026,Sci-Fi|Historical|Action|Long Strip|Martial Arts|Video Games|Magic|Isekai|Fantasy|Web Comic|Full Color,safe,707,8.6833,8.294721725298247,,2,479eea73-9728-4bcd-a1c9-b9f222149a65,,9,en,2026-09-30T21:24:52+00:00,28
2026-10-02,2026-10-02T08:25:32.720012+00:00,024daabd-a693-4f77-8d6a-7fd82e8b94f5,Grand Finale,ko,completed,2025,Sci-Fi|Action|Long Strip|Comedy|Adventure|Drama|Fantasy|Web Comic|Supernatural|Full Color,safe,1976,9.0533,8.620220902065096,,14,5d32f222-851f-486b-a119-176da79bc58a,,4,pt-br,2025-08-05T02:16:28+00:00,98
2026-10-02,2026-10-02T08:25:32.720012+00:00,086ca5e0-17ea-4d28-82ef-6b8eef680c60,The Curious Case of Chronicle,ko,completed,2023,Reincarnation|Sci-Fi|Monsters|Action|Long Strip|Martial Arts|Virtual Reality|Video Games|Magic|Military|Isekai|Drama|Fantasy|Full Color,safe,4472,8.5168,8.4090979539031,,13,,,,,,
2026-10-02,2026-10-02T08:25:32.720012+00:00,0ab7ae56-2800-4426-819d-0cda91aad12a,The Blood Knight’s Villains,ko,cancelled,,Reincarnation|Action|Long Strip|Adventure|Isekai|Drama|Fantasy|Web Comic|Full Color,safe,497,7.0667,7.913871036359202,,0,,,,,,
2026-10-02,2026-10-02T08:25:32.720012+00:00,0db0c050-597e-4068-92e2-e57ea98d86b7,Meongmunsegareul Horyeonghaneun Agi Goyangiimnida,ko,ongoing,2026,Long Strip|Romance|Martial Arts|Fantasy|Adaptation|Full Color,safe,5,,8.04959183829508,,0,,,,,,
2026-10-02,2026-10-02T08:25:32.720012+00:00,0ee13733-f3fd-45b5-8a9e-f306b29856e3,The Villain's Daughter Plans to Run Away,ko,ongoing,2024,Long Strip|Romance|Fantasy|Villainess|Adaptation|Full Color,safe,900,7.7273,8.013929321155915,,0,ab318727-3d6b-4c4e-b93e-2f2ed352692b,,106,pt-br,2026-09-09T05:50:11+00:00,0
2026-10-02,2026-10-02T08:25:32.720012+00:00,105c2a3e-0235-44a4-9b8c-42ae2c555e4e,"My Next-Door Neighbor, the Handsome Stalker Boy",ko,completed,2016,Long Strip|Romance|Comedy|Drama|Web Comic|Slice of Life|Full Color,safe,338,6.6667,8.017489002568396,,0,82d0b603-71ea-4fe4-a3c1-4fba4e70deb7,,7,en,2022-01-08T15:24:19+00:00,12
2026-10-02,2026-10-02T08:25:32.720012+00:00,158bc0cc-e79e-4f13-a001-6d0abe9733ab,The House Without Time,ko,completed,2020,Monsters|Action|Demons|Psychological|Animals|Long Strip|Comedy|Martial Arts|Adventure|Magic|Military|Philosophical|Drama|Fantasy|Web Comic|Cooking|Supernatural|Full Color,safe,3762,8.9695,8.729004382045607,,6,bd7eb676-9994-4b96-8e34-379eeadd9321,2,36,pt-br,2025-11-03T03:50:41+00:00,52
2026-10-02,2026-10-02T08:25:32.720012+00:00,18bee24b-2539-4258-b182-d3e1db4b503d,What Happens When You Mess With the Original Novel,ko,ongoing,2025,Reincarnation|Long Strip|Romance|Isekai|Fantasy|Adaptation|Full Color,safe,988,8.3636,8.176759941075348,,1,,,,,,
2026-10-02,2026-10-02T08:25:32.720012+00:00,23ddcbae-7074-4f07-bd23-08177bf31412,Yongsa ui Ballad,ko,ongoing,2026,Action|Long Strip|Adventure|Fantasy|Full Color,safe,233,8.7778,8.156217836474294,,0,,,,,,
2026-10-02,2026-10-02T08:25:32.720012+00:00,2b390cec-b461-485a-ad70-d900469f862b,Imsinhan Cheoghaessneunde Nampyeoni Dol Awassda,ko,ongoing,,Long Strip|Romance|Fantasy|Full Color,safe,64,8.75,8.131824355417107,,0,a77edd00-a5ca-45ce-a636-09aab3fb8af1,1,1,pt-br,2026-09-28T03:23:51+00:00,58
2026-10-02,2026-10-02T08:25:32.720012+00:00,39872c85-0375-4f6d-b333-213944337971,Cheonmanchongchun,ko,ongoing,2024,Long Strip|Romance|Comedy|Drama|School Life|Slice of Life|Full Color,safe,4,,8.04959183829508,,0,,,,,,
2026-10-02,2026-10-02T08:25:32.720012+00:00,3bec73a8-4bcb-4a5c-841b-96553d6bac9f,"Will You Marry Me Under Contract, Your Highness?",ko,completed,2024,Time Travel|Long Strip|Romance|Magic|Fantasy|Adaptation|Full Color,safe,82,8.75,8.131824355417107,,0,,,,,,
2026-10-02,2026-10-02T08:25:32.720012+00:00,3fc74fb2-ae93-4bb0-b912-a4c5d5f7b594,The Incognito Princess,ko,ongoing,2024,Reincarnation|Long Strip|Romance|Isekai|Fantasy|Villainess|Supernatural|Adaptation|Full Color,safe,4115,8.9305,8.702450715544828,,9,a92bed04-529c-41bb-bf10-20af1f811f8d,,44,en,2025-05-10T01:43:46+00:00,68
2026-10-02,2026-10-02T08:25:32.720012+00:00,412ab8fe-eca9-47c9-8f5c-f6deb75622e9,The Beloved Little Princess,ko,completed,2020,Reincarnation|Action|Long Strip|Romance|Comedy|Magic|Fantasy|Web Comic|Adaptation|Full Color,safe,46985,8.7132,8.68601561320172,,607,,,,,,
2026-10-02,2026-10-02T08:25:32.720012+00:00,429d98fa-1352-4adf-94d1-969efafec386,The Doctor Is Out,ko,hiatus,2022,Time Travel|Long Strip|Romance|Comedy|Drama|Fantasy|Adaptation|Full Color,safe,370,8.1429,8.116779734751427,,1,d079134b-a018-433d-9fd9-1f48d3d01040,,99,id,2025-11-21T14:04:24+00:00,18
2026-10-02,2026-10-02T08:25:32.720012+00:00,534d8d40-8030-4088-82b9-c9bfc0564be5,Hellper: Uju Daeseon,ko,ongoing,2026,Action|Adventure|Fantasy|Supernatural,safe,6,9,8.119382094731971,,0,,,,,,
2026-10-02,2026-10-02T08:25:32.720012+00:00,53c12cd2-f7ff-4976-b16a-c83efdeedb6f,Jeongnyeongwang Elqueeness,ko,ongoing,2017,Reincarnation|Long Strip|Adventure|Fantasy|Slice of Life|Adaptation|Full Color,safe,10831,8.3365,8.306675196289861,,178,f61f5028-1296-439e-af13-f4d0074e4b64,7,319,en,2026-09-28T07:11:47+00:00,16
2026-10-02,2026-10-02T08:25:32.720012+00:00,56691e99-ca6d-4360-bae1-0a0dfb85866b,Jungse Fantasy sok Mangnani Gyeongbijojang,ko,ongoing,2024,Monsters|Action|Demons|Long Strip|Magic|Drama|Fantasy|Adaptation|Full Color|Tragedy,safe,4946,8.6688,8.505542602634696,,7,f271c05b-1d0c-4dac-81a2-2d89eafdb10d,,4,pl,2025-04-16T08:16:40+00:00,101
2026-10-02,2026-10-02T08:25:32.720012+00:00,590ce306-df89-4cec-94c3-886d01422174,Angel or Villainess,ko,completed,2020,Reincarnation|Time Travel|Long Strip|Romance|Magic|Drama|Fantasy|Adaptation|Full Color|Tragedy,safe,25613,7.963,7.9808461419407655,,368,75386aed-c85f-4fb9-8ba8-aa625a55b6a6,,44,en,2021-09-11T12:12:46+00:00,10
2026-10-02,2026-10-02T08:25:32.720012+00:00,6a50ffeb-9678-47b4-868e-15fe0febe188,My Darling Signed In,ko,completed,2017,Long Strip|Romance|Comedy|Boys' Love|Video Games|Web Comic|Full Color,safe,910,8.2785,8.175858318083053,,8,e3d50ade-42a5-4f95-a147-30a3c90e2a47,,3,en,2023-03-11T16:53:33+00:00,0
2026-10-02,2026-10-02T08:25:32.720012+00:00,6ba386d5-1c6d-43e7-886f-209b69a326c1,The Youngest Is Trying to Prevent the World From Ending,ko,ongoing,2024,Reincarnation|Long Strip|Romance|Isekai|Fantasy|Villainess|Adaptation|Full Color,safe,801,7.2778,8.009559307902588,,0,4cf1659b-f984-4988-a0f8-696ce1b722e8,,27,fr,2026-08-30T17:46:08+00:00,73
2026-10-02,2026-10-02T08:25:32.720012+00:00,6ebc38c9-367a-4fba-ab36-ad9a957ee7d1,백합의 우울,ko,completed,2023,Long Strip|Comedy|Girls' Love|Drama|School Life|Full Color,safe,246,9.1282,8.349760511147178,,0,92048c39-4849-4ee0-8b09-a31fcb8bcb0c,,62,id,2026-09-21T05:54:27+00:00,37
2026-10-02,2026-10-02T08:25:32.720012+00:00,7837bdeb-80ea-4ad7-b817-b529e9b964c6,Gang Min-su,ko,completed,2024,Long Strip|Comedy|Crime|Full Color,suggestive,3,,8.04959183829508,,0,,,,,,
2026-10-02,2026-10-02T08:25:32.720012+00:00,84805b94-6eeb-42ff-abb7-b2d8614c2804,Contract Marriage with the Second Lead,ko,completed,2025,Reincarnation|Long Strip|Romance|Isekai|Drama|Fantasy|Web Comic|Adaptation|Full Color,safe,43,8.5,8.124246176822163,,0,,,,,,
2026-10-02,2026-10-02T08:25:32.720012+00:00,862a5df8-6a71-4cbb-a445-d4d0d769cd7f,Jugeotneunde Wae Jipchak Haseyo,ko,ongoing,2024,Long Strip|Romance|Drama|Fantasy|Full Color,safe,642,8.3333,8.147378097513084,,1,b87478a0-a385-48f7-ac90-e03f38edc824,1,1,pl,2025-01-30T13:21:39+00:00,78
2026-10-02,2026-10-02T08:25:32.720012+00:00,8a17cccd-b82b-407f-a096-a2d077b7e048,Borderline,ko,ongoing,2025,Long Strip|Romance|Drama|Full Color,safe,116,3.3333,8.003018191698791,,0,b6ffa422-a887-4607-b7e3-851e5790a80e,,5,en,2025-05-01T02:56:34+00:00,22
2026-10-02,2026-10-02T08:25:32.720012+00:00,8b16ea4a-30a7-43c6-8833-3e12d3e56329,The Watching,ko,completed,2014,Monsters|Long Strip|Horror|Web Comic|Mystery|Full Color,safe,195,7.413,7.927541380621358,,9,,,,,,
2026-10-02,2026-10-02T08:25:32.720012+00:00,921e672c-9b37-4e7b-9017-da67b8bbef4c,Sacheondangga ui Jangnyeo neun Gamun eul Jikinda,ko,ongoing,2026,Time Travel|Long Strip|Romance|Martial Arts|Fantasy|Web Comic|Adaptation|Full Color,safe,44,9,8.132830972247742,,0,01ad6d2d-5e9c-4ba0-8892-dc48a0c37ca2,,8,fr,2026-06-27T14:29:04+00:00,33
2026-10-02,2026-10-02T08:25:32.720012+00:00,92c54956-3fcf-4ba4-9c36-a3694a8bbbfb,Naegen Neomu Beogeoun Bada,ko,completed,2024,Long Strip|Romance|Comedy|Girls' Love|Drama|Web Comic|Full Color,suggestive,120,9.6667,8.148103064077029,,0,,,,,,
2026-10-02,2026-10-02T08:25:32.720012+00:00,9cfa0ad8-5c01-4d03-823d-117470f540d7,Punghon,ko,completed,2020,Action|Long Strip|Martial Arts|Adventure|Drama|Fantasy|Web Comic|Adaptation|Full Color,safe,373,8.1111,8.11232871765042,,0,9abd6710-7ffd-41f2-a2a5-abb0947e970b,,21,pt-br,2025-09-27T18:48:53+00:00,21
2026-10-02,2026-10-02T08:25:32.720012+00:00,a29bdf71-133e-4e2c-924a-1e3819780799,"Nogada Kim-ssi, Jadongsanyang euro Kkul Ppamnida",ko,ongoing,2026,Monsters|Fantasy|Web Comic|Full Color,safe,8,8,8.11076866914732,,0,,,,,,
2026-10-02,2026-10-02T08:25:32.720012+00:00,a972aebe-50fb-4dfe-8f61-0150f3659467,The Little Lady Behind the Scenes,ko,completed,2021,Reincarnation|Long Strip|Romance|Reverse Harem|Isekai|Drama|Fantasy|Adaptation|Full Color,safe,9943,8.7538,8.640582440589712,,12,a31a96ed-e50f-4e9e-96a0-b4147c5dff3e,4,95,pt-br,2026-10-01T23:14:22+00:00,41
2026-10-02,2026-10-02T08:25:32.720012+00:00,ae0b0102-1adf-4fbe-a87b-04dd2fdde0ca,모르는 만화에 빙의했다,ko,cancelled,,Reincarnation|Romance|Comedy|Harem|Isekai|Adaptation,safe,448,8,8.092897892722874,,0,,,,,,
2026-10-02,2026-10-02T08:25:32.720012+00:00,aec28336-7915-4422-ab29-d54d2a353e80,Error The Echo,ko,ongoing,2026,Action|Long Strip|Drama|Fantasy|Full Color,safe,48,8.25,8.11666799822722,,0,,,,,,
2026-10-02,2026-10-02T08:25:32.720012+00:00,b3a76028-8968-4112-bef3-57a64e5d60c3,Kkonman Kiuneunde Neomugangham,ko,completed,2020,Monsters|Action|Long Strip|Comedy|Adventure|Virtual Reality|Video Games|Magic|Fantasy|Web Comic|Adaptation|Full Color,safe,23056,8.6502,8.605823630494477,,165,36cf0e0d-4075-4282-b488-f783312a4a82,,39,pt-br,2022-11-06T04:06:26+00:00,51
2026-10-02,2026-10-02T08:25:32.720012+00:00,b6f9aaad-6787-460c-bbb8-af9eb7bcc3e0,Pipyemul Namjuui Eommaga Doeeotda,ko,completed,2023,Long Strip|Romance|Magic|Fantasy|Adaptation|Full Color,safe,6020,8.607,8.516951715327362,,7,5613328a-4f0c-4530-80cc-03bde4762efa,,25,pl,2026-05-19T17:39:04+00:00,91
2026-10-02,2026-10-02T08:25:32.720012+00:00,bbed470c-5ca5-45ec-8101-474323387734,Survivalism,ko,ongoing,2026,Sci-Fi|Monsters|Action|Long Strip|Survival|Adventure|Isekai|Gore|Horror|Fantasy|Full Color,suggestive,10461,7.8197,7.87205287745512,,12,00407fc9-fe16-4410-827c-92eee4146408,,12,en,2026-09-24T15:55:08+00:00,23
2026-10-02,2026-10-02T08:25:32.720012+00:00,c742ca22-1efd-47d3-8cd5-d69f9d13de88,My Husband Was Stolen Twice,ko,ongoing,2025,Long Strip|Isekai|Drama|Fantasy|Web Comic|Adaptation|Full Color,safe,70,5.5,8.072294650198888,,0,,,,,,
2026-10-02,2026-10-02T08:25:32.720012+00:00,c93a3547-f919-4f04-b17d-b9a75c47fe92,Deuraegon Yeochini Gwihwanhaetda,ko,ongoing,2026,Reincarnation|Monsters|Action|Long Strip|Romance|Comedy|Adventure|Magic|Fantasy|Monster Girls|Web Comic|Slice of Life|Supernatural|Adaptation|Full Color,suggestive,871,9.1875,8.32755668136278,,1,e2521973-8f85-4c03-8663-6d9511e8b362,,1,ar,2026-09-29T19:39:52+00:00,21
2026-10-02,2026-10-02T08:25:32.720012+00:00,d2a01e38-1c0d-4e4b-a9ae-21d119e8b326,Demon King of the Royal Class,ko,cancelled,2023,Reincarnation|Action|Demons|Long Strip|Comedy|Adventure|Magic|Harem|Isekai|School Life|Fantasy|Web Comic|Slice of Life|Adaptation|Full Color,safe,11377,8.6794,8.617829779422893,,29,9e114686-1dcb-4168-9f86-a7269404a128,1,1,pt-br,2026-10-01T19:02:35+00:00,62
2026-10-02,2026-10-02T08:25:32.720012+00:00,d5339855-963b-466d-a3b9-e6ebecde36ac,Hashtag-neun Cheotsarang,ko,ongoing,2025,Long Strip|Romance|Drama|School Life|Supernatural|Full Color,suggestive,3,,8.04959183829508,,0,,,,,,
2026-10-02,2026-10-02T08:25:32.720012+00:00,db1f4c31-f92f-4f4f-a8c6-fc898e432888,Jeoldae Hoegwi,ko,ongoing,2024,Time Travel|Historical|Action|Long Strip|Martial Arts|Adventure|Wuxia|Fantasy|Adaptation|Full Color,suggestive,4449,9.0638,8.806404359826338,,6,a43e95fd-6bc7-4ca8-a63f-397733325cf4,,69,pl,2026-09-28T08:52:25+00:00,73
2026-10-02,2026-10-02T08:25:32.720012+00:00,dd16dbbc-c317-4f62-8cf5-3525b4083aab,Prologue-eseo 30-nyeoni Heulleotda,ko,ongoing,2026,Reincarnation|Action|Demons|Long Strip|Romance|Harem|Isekai|Drama|Web Comic|Adaptation|Full Color,safe,1366,8.4651,8.254233537170707,,1,34fe8a25-65b0-43c6-8079-dc24c633bfbf,,4,en,2026-08-23T00:07:15+00:00,28
2026-10-02,2026-10-02T08:25:32.720012+00:00,e24d2233-6fe7-4766-8074-d25671522da9,Gollyun e Yong i Sanda,ko,ongoing,2026,Action|Long Strip|Martial Arts|Adventure|Full Color,safe,4,9,8.119382094731971,,0,,,,,,
2026-10-02,2026-10-02T08:25:32.720012+00:00,f0205fd6-a03a-4a91-ae6c-ad103284e5dd,Genius Archer’s Livestreaming,ko,ongoing,2024,Action|Long Strip|Sports|Adventure|Virtual Reality|Video Games|Web Comic|Adaptation|Full Color,safe,3881,8.8576,8.646169634238401,,6,e1668421-c9a9-4598-acd2-26cba4d305af,,28,en,2024-06-28T22:38:58+00:00,29
2026-10-02,2026-10-02T08:25:32.720012+00:00,f7a990c5-f685-49d2-9009-de6a2a89c7a9,OFF-Mode Mari,ko,ongoing,2024,Comedy|4-Koma|Web Comic|Slice of Life|Full Color,safe,219,9.5556,8.290462361213331,,1,9c588ce3-2065-4cae-bd1a-0285aedc129a,,2,zh-hk,2025-07-11T13:36:05+00:00,1
2026-10-02,2026-10-02T08:25:32.720012+00:00,f90df7aa-c8cd-4ca7-842c-b3dbe38b8b2a,Schoolboy vs The World,ko,completed,2023,Action|Long Strip|Romance|Comedy|School Life|Web Comic|Full Color,safe,302,8.84,8.231405322094407,,0,40ffc74b-02a2-45ac-8c22-c75f085d4d7c,,1,pt-br,2026-09-27T02:21:43+00:00,80
2026-10-02,2026-10-02T08:25:32.720012+00:00,fe7d5dbe-6f0a-42ed-9a83-67a4315bd3ee,Hunter Sesang-ui Jeongwonsa,ko,completed,2024,Animals|Long Strip|Adventure|Fantasy|Web Comic|Full Color,safe,5114,8.3868,8.326602107655791,,5,3120aa89-9960-426f-8b2a-e905ec7968a7,2,74,en,2026-01-06T04:32:33+00:00,50
2026-10-03,2026-10-03T08:01:14.517004+00:00,00cbb62b-b002-464d-bda7-8e650338417e,World Extinction War,ko,ongoing,2026,Sci-Fi|Historical|Action|Long Strip|Martial Arts|Video Games|Magic|Isekai|Fantasy|Web Comic|Full Color,safe,732,8.6833,8.294721725298247,,2,479eea73-9728-4bcd-a1c9-b9f222149a65,,9,en,2026-09-30T21:24:52+00:00,28
2026-10-03,2026-10-03T08:01:14.517004+00:00,086ca5e0-17ea-4d28-82ef-6b8eef680c60,The Curious Case of Chronicle,ko,completed,2023,Reincarnation|Sci-Fi|Monsters|Action|Long Strip|Martial Arts|Virtual Reality|Video Games|Magic|Military|Isekai|Drama|Fantasy|Full Color,safe,4472,8.5168,8.4090979539031,,13,,,,,,
2026-10-03,2026-10-03T08:01:14.517004+00:00,0ab7ae56-2800-4426-819d-0cda91aad12a,The Blood Knight’s Villains,ko,cancelled,,Reincarnation|Action|Long Strip|Adventure|Isekai|Drama|Fantasy|Web Comic|Full Color,safe,497,7.0667,7.913871036359202,,0,,,,,,
2026-10-03,2026-10-03T08:01:14.517004+00:00,0ee13733-f3fd-45b5-8a9e-f306b29856e3,The Villain's Daughter Plans to Run Away,ko,ongoing,2024,Long Strip|Romance|Fantasy|Villainess|Adaptation|Full Color,safe,900,7.7273,8.013929321155915,,0,ab318727-3d6b-4c4e-b93e-2f2ed352692b,,106,pt-br,2026-09-09T05:50:11+00:00,0
2026-10-03,2026-10-03T08:01:14.517004+00:00,105c2a3e-0235-44a4-9b8c-42ae2c555e4e,"My Next-Door Neighbor, the Handsome Stalker Boy",ko,completed,2016,Long Strip|Romance|Comedy|Drama|Web Comic|Slice of Life|Full Color,safe,338,6.6667,8.017489002568396,,0,82d0b603-71ea-4fe4-a3c1-4fba4e70deb7,,7,en,2022-01-08T15:24:19+00:00,12
2026-10-03,2026-10-03T08:01:14.517004+00:00,158bc0cc-e79e-4f13-a001-6d0abe9733ab,The House Without Time,ko,completed,2020,Monsters|Action|Demons|Psychological|Animals|Long Strip|Comedy|Martial Arts|Adventure|Magic|Military|Philosophical|Drama|Fantasy|Web Comic|Cooking|Supernatural|Full Color,safe,3763,8.9695,8.729004382045607,,6,bd7eb676-9994-4b96-8e34-379eeadd9321,2,36,pt-br,2025-11-03T03:50:41+00:00,52
2026-10-03,2026-10-03T08:01:14.517004+00:00,184915ba-1df1-467f-bb78-849bf6e15481,"Hwangnyeo, Ban'yeogjareul Gag'insikida",ko,ongoing,2021,Reincarnation|Time Travel|Long Strip|Romance|Adventure|Magic|Drama|Fantasy|Supernatural|Adaptation|Full Color,safe,28263,9.0474,8.965271951718183,,158,f8125589-6659-44e2-969f-8a55a36508fe,3,69,en,2025-04-15T01:40:45+00:00,20
2026-10-03,2026-10-03T08:01:14.517004+00:00,18bee24b-2539-4258-b182-d3e1db4b503d,What Happens When You Mess With the Original Novel,ko,ongoing,2025,Reincarnation|Long Strip|Romance|Isekai|Fantasy|Adaptation|Full Color,safe,988,8.3636,8.176759941075348,,1,,,,,,
2026-10-03,2026-10-03T08:01:14.517004+00:00,22d171ce-82c5-4338-a8c1-5e17c6a187b7,Being Loved for the First Time,ko,ongoing,2023,Reincarnation|Long Strip|Romance|Comedy|Magic|Fantasy|Web Comic|Adaptation|Full Color,safe,5251,8.6267,8.440265784707373,,4,e0396c29-53ad-4f2f-bbac-fb7295894bc4,,6,pt-br,2026-08-30T22:09:47+00:00,0
2026-10-03,2026-10-03T08:01:14.517004+00:00,23ddcbae-7074-4f07-bd23-08177bf31412,Yongsa ui Ballad,ko,ongoing,2026,Action|Long Strip|Adventure|Fantasy|Full Color,safe,237,8.7778,8.156217836474294,,0,,,,,,
2026-10-03,2026-10-03T08:01:14.517004+00:00,2b390cec-b461-485a-ad70-d900469f862b,Imsinhan Cheoghaessneunde Nampyeoni Dol Awassda,ko,ongoing,,Long Strip|Romance|Fantasy|Full Color,safe,64,8.75,8.131824355417107,,0,a77edd00-a5ca-45ce-a636-09aab3fb8af1,1,1,pt-br,2026-09-28T03:23:51+00:00,58
2026-10-03,2026-10-03T08:01:14.517004+00:00,3bec73a8-4bcb-4a5c-841b-96553d6bac9f,"Will You Marry Me Under Contract, Your Highness?",ko,completed,2024,Time Travel|Long Strip|Romance|Magic|Fantasy|Adaptation|Full Color,safe,82,8.75,8.131824355417107,,0,,,,,,
2026-10-03,2026-10-03T08:01:14.517004+00:00,412ab8fe-eca9-47c9-8f5c-f6deb75622e9,The Beloved Little Princess,ko,completed,2020,Reincarnation|Action|Long Strip|Romance|Comedy|Magic|Fantasy|Web Comic|Adaptation|Full Color,safe,46986,8.7132,8.68601561320172,,607,,,,,,
2026-10-03,2026-10-03T08:01:14.517004+00:00,50e0025c-8747-4edd-987d-baabf2caeb67,Angnyeoraseo Pyeonhago Joeundeyo?,ko,ongoing,2022,Reincarnation|Long Strip|Romance|Comedy|Magic|Isekai|Drama|Fantasy|Villainess|Adaptation|Full Color,safe,25771,9.0564,9.007467695873418,,24,,,,,,
2026-10-03,2026-10-03T08:01:14.517004+00:00,534d8d40-8030-4088-82b9-c9bfc0564be5,Hellper: Uju Daeseon,ko,ongoing,2026,Action|Adventure|Fantasy|Supernatural,safe,6,9,8.119382094731971,,0,,,,,,
2026-10-03,2026-10-03T08:01:14.517004+00:00,53c12cd2-f7ff-4976-b16a-c83efdeedb6f,Jeongnyeongwang Elqueeness,ko,ongoing,2017,Reincarnation|Long Strip|Adventure|Fantasy|Slice of Life|Adaptation|Full Color,safe,10833,8.3365,8.306675196289861,,178,f61f5028-1296-439e-af13-f4d0074e4b64,7,319,en,2026-09-28T07:11:47+00:00,16
2026-10-03,2026-10-03T08:01:14.517004+00:00,56691e99-ca6d-4360-bae1-0a0dfb85866b,Jungse Fantasy sok Mangnani Gyeongbijojang,ko,ongoing,2024,Monsters|Action|Demons|Long Strip|Magic|Drama|Fantasy|Adaptation|Full Color|Tragedy,safe,4945,8.6688,8.505542602634696,,7,f271c05b-1d0c-4dac-81a2-2d89eafdb10d,,4,pl,2025-04-16T08:16:40+00:00,101
2026-10-03,2026-10-03T08:01:14.517004+00:00,590ce306-df89-4cec-94c3-886d01422174,Angel or Villainess,ko,completed,2020,Reincarnation|Time Travel|Long Strip|Romance|Magic|Drama|Fantasy|Adaptation|Full Color|Tragedy,safe,25613,7.963,7.9808461419407655,,368,75386aed-c85f-4fb9-8ba8-aa625a55b6a6,,44,en,2021-09-11T12:12:46+00:00,10
2026-10-03,2026-10-03T08:01:14.517004+00:00,5bd09c61-837b-4091-b38d-1f8cab67ecc8,The Fake Lady of House Silkisia,ko,completed,2023,Monsters|Long Strip|Romance|Magic|Fantasy|Adaptation|Full Color,safe,1486,7.8333,8.01168657883689,,1,,,,,,
2026-10-03,2026-10-03T08:01:14.517004+00:00,6a50ffeb-9678-47b4-868e-15fe0febe188,My Darling Signed In,ko,completed,2017,Long Strip|Romance|Comedy|Boys' Love|Video Games|Web Comic|Full Color,safe,910,8.2785,8.175858318083053,,8,e3d50ade-42a5-4f95-a147-30a3c90e2a47,,3,en,2023-03-11T16:53:33+00:00,0
2026-10-03,2026-10-03T08:01:14.517004+00:00,6ba386d5-1c6d-43e7-886f-209b69a326c1,The Youngest Is Trying to Prevent the World From Ending,ko,ongoing,2024,Reincarnation|Long Strip|Romance|Isekai|Fantasy|Villainess|Adaptation|Full Color,safe,802,7.2778,8.009559307902588,,0,4cf1659b-f984-4988-a0f8-696ce1b722e8,,27,fr,2026-08-30T17:46:08+00:00,73
2026-10-03,2026-10-03T08:01:14.517004+00:00,6ebc38c9-367a-4fba-ab36-ad9a957ee7d1,백합의 우울,ko,completed,2023,Long Strip|Comedy|Girls' Love|Drama|School Life|Full Color,safe,248,9.1282,8.349760511147178,,0,92048c39-4849-4ee0-8b09-a31fcb8bcb0c,,62,id,2026-09-21T05:54:27+00:00,37
2026-10-03,2026-10-03T08:01:14.517004+00:00,7837bdeb-80ea-4ad7-b817-b529e9b964c6,Gang Min-su,ko,completed,2024,Long Strip|Comedy|Crime|Full Color,suggestive,6,,8.04959183829508,,0,,,,,,
2026-10-03,2026-10-03T08:01:14.517004+00:00,862a5df8-6a71-4cbb-a445-d4d0d769cd7f,Jugeotneunde Wae Jipchak Haseyo,ko,ongoing,2024,Long Strip|Romance|Drama|Fantasy|Full Color,safe,643,8.3333,8.147378097513084,,1,b87478a0-a385-48f7-ac90-e03f38edc824,1,1,pl,2025-01-30T13:21:39+00:00,78
2026-10-03,2026-10-03T08:01:14.517004+00:00,8a17cccd-b82b-407f-a096-a2d077b7e048,Borderline,ko,ongoing,2025,Long Strip|Romance|Drama|Full Color,safe,116,3.3333,8.003018191698791,,0,b6ffa422-a887-4607-b7e3-851e5790a80e,,5,en,2025-05-01T02:56:34+00:00,22
2026-10-03,2026-10-03T08:01:14.517004+00:00,8b16ea4a-30a7-43c6-8833-3e12d3e56329,The Watching,ko,completed,2014,Monsters|Long Strip|Horror|Web Comic|Mystery|Full Color,safe,195,7.413,7.927541380621358,,9,,,,,,
2026-10-03,2026-10-03T08:01:14.517004+00:00,921e672c-9b37-4e7b-9017-da67b8bbef4c,Sacheondangga ui Jangnyeo neun Gamun eul Jikinda,ko,ongoing,2026,Time Travel|Long Strip|Romance|Martial Arts|Fantasy|Web Comic|Adaptation|Full Color,safe,45,9,8.132830972247742,,0,01ad6d2d-5e9c-4ba0-8892-dc48a0c37ca2,,8,fr,2026-06-27T14:29:04+00:00,33
2026-10-03,2026-10-03T08:01:14.517004+00:00,92c54956-3fcf-4ba4-9c36-a3694a8bbbfb,Naegen Neomu Beogeoun Bada,ko,completed,2024,Long Strip|Romance|Comedy|Girls' Love|Drama|Web Comic|Full Color,suggestive,133,9.6667,8.148103064077029,,0,,,,,,
2026-10-03,2026-10-03T08:01:14.517004+00:00,a29bdf71-133e-4e2c-924a-1e3819780799,"Nogada Kim-ssi, Jadongsanyang euro Kkul Ppamnida",ko,ongoing,2026,Monsters|Fantasy|Web Comic|Full Color,safe,10,8,8.11076866914732,,0,,,,,,
2026-10-03,2026-10-03T08:01:14.517004+00:00,a89031a8-d459-43e4-a1ee-827ef8bec2fb,The Demon's Darling Daughter,ko,ongoing,2022,Demons|Long Strip|Romance|Magic|Fantasy|Adaptation|Full Color,safe,3470,8.3757,8.269421506109385,,2,e9cd8603-afeb-4319-9f11-a84ebbe688a7,1,3,en,2023-12-10T14:55:17+00:00,0
2026-10-03,2026-10-03T08:01:14.517004+00:00,a972aebe-50fb-4dfe-8f61-0150f3659467,The Little Lady Behind the Scenes,ko,completed,2021,Reincarnation|Long Strip|Romance|Reverse Harem|Isekai|Drama|Fantasy|Adaptation|Full Color,safe,9948,8.7538,8.640582440589712,,12,a31a96ed-e50f-4e9e-96a0-b4147c5dff3e,4,95,pt-br,2026-10-01T23:14:22+00:00,41
2026-10-03,2026-10-03T08:01:14.517004+00:00,acb29589-1369-4982-9756-60450a66b645,The Unintentionally Ideal Adopted Daughter,ko,ongoing,2023,Reincarnation|Long Strip|Romance|Isekai|Fantasy|Web Comic|Full Color|Tragedy,safe,16706,8.5101,8.46264190644068,,16,2f145b0f-6720-4e88-98fa-936ad880da64,,3,en,2023-08-02T21:13:08+00:00,0
2026-10-03,2026-10-03T08:01:14.517004+00:00,ae0b0102-1adf-4fbe-a87b-04dd2fdde0ca,모르는 만화에 빙의했다,ko,cancelled,,Reincarnation|Romance|Comedy|Harem|Isekai|Adaptation,safe,448,8,8.092897892722874,,0,,,,,,
2026-10-03,2026-10-03T08:01:14.517004+00:00,aec28336-7915-4422-ab29-d54d2a353e80,Error The Echo,ko,ongoing,2026,Action|Long Strip|Drama|Fantasy|Full Color,safe,175,8.25,8.120590744041198,,1,d4b19b1b-ba08-4712-a6a1-501ce67eb52d,1,1,en,2026-10-02T08:29:17+00:00,288
2026-10-03,2026-10-03T08:01:14.517004+00:00,b3a76028-8968-4112-bef3-57a64e5d60c3,Kkonman Kiuneunde Neomugangham,ko,completed,2020,Monsters|Action|Long Strip|Comedy|Adventure|Virtual Reality|Video Games|Magic|Fantasy|Web Comic|Adaptation|Full Color,safe,23056,8.6502,8.605823630494477,,165,36cf0e0d-4075-4282-b488-f783312a4a82,,39,pt-br,2022-11-06T04:06:26+00:00,51
2026-10-03,2026-10-03T08:01:14.517004+00:00,bbed470c-5ca5-45ec-8101-474323387734,Survivalism,ko,ongoing,2026,Sci-Fi|Monsters|Action|Long Strip|Survival|Adventure|Isekai|Gore|Horror|Fantasy|Full Color,suggestive,10490,7.8156,7.868414056755885,,12,00407fc9-fe16-4410-827c-92eee4146408,,12,en,2026-09-24T15:55:08+00:00,23
2026-10-03,2026-10-03T08:01:14.517004+00:00,c3678460-e2c8-4dc1-b7c9-7418bdec14bc,Mother's Contract Marriage,ko,ongoing,2022,Long Strip|Romance|Magic|Drama|Fantasy|Web Comic|Adaptation|Full Color,safe,10130,9.2525,9.122497853810017,,9,,,,,,
2026-10-03,2026-10-03T08:01:14.517004+00:00,c742ca22-1efd-47d3-8cd5-d69f9d13de88,My Husband Was Stolen Twice,ko,ongoing,2025,Long Strip|Isekai|Drama|Fantasy|Web Comic|Adaptation|Full Color,safe,70,5.5,8.072294650198888,,0,,,,,,
2026-10-03,2026-10-03T08:01:14.517004+00:00,c93a3547-f919-4f04-b17d-b9a75c47fe92,Deuraegon Yeochini Gwihwanhaetda,ko,ongoing,2026,Reincarnation|Monsters|Action|Long Strip|Romance|Comedy|Adventure|Magic|Fantasy|Monster Girls|Web Comic|Slice of Life|Supernatural|Adaptation|Full Color,suggestive,957,9.1026,8.3437709747345,,1,35505913-95e6-478c-ae31-4427ac10f058,,2,ar,2026-10-02T22:15:23+00:00,98
2026-10-03,2026-10-03T08:01:14.517004+00:00,d124dec4-257e-4ec4-ad55-7db44d06a77a,Level 999 Goblin,ko,completed,2025,Monsters|Action|Long Strip|Adventure|Fantasy|Full Color,suggestive,1240,7.4068,7.889789348723398,,4,faf45846-da10-48da-bb5e-bffde82160f7,,3,pl,2026-04-23T14:44:10+00:00,47
2026-10-03,2026-10-03T08:01:14.517004+00:00,d2a01e38-1c0d-4e4b-a9ae-21d119e8b326,Demon King of the Royal Class,ko,cancelled,2023,Reincarnation|Action|Demons|Long Strip|Comedy|Adventure|Magic|Harem|Isekai|School Life|Fantasy|Web Comic|Slice of Life|Adaptation|Full Color,safe,11383,8.679,8.61763022991068,,29,9e114686-1dcb-4168-9f86-a7269404a128,1,1,pt-br,2026-10-01T19:02:35+00:00,62
2026-10-03,2026-10-03T08:01:14.517004+00:00,d5339855-963b-466d-a3b9-e6ebecde36ac,Hashtag-neun Cheotsarang,ko,ongoing,2025,Long Strip|Romance|Drama|School Life|Supernatural|Full Color,suggestive,3,,8.04959183829508,,0,,,,,,
2026-10-03,2026-10-03T08:01:14.517004+00:00,db1f4c31-f92f-4f4f-a8c6-fc898e432888,Jeoldae Hoegwi,ko,ongoing,2024,Time Travel|Historical|Action|Long Strip|Martial Arts|Adventure|Wuxia|Fantasy|Adaptation|Full Color,suggestive,4452,9.0638,8.806404359826338,,6,a43e95fd-6bc7-4ca8-a63f-397733325cf4,,69,pl,2026-09-28T08:52:25+00:00,73
2026-10-03,2026-10-03T08:01:14.517004+00:00,dd16dbbc-c317-4f62-8cf5-3525b4083aab,Prologue-eseo 30-nyeoni Heulleotda,ko,ongoing,2026,Reincarnation|Action|Demons|Long Strip|Romance|Harem|Isekai|Drama|Web Comic|Adaptation|Full Color,safe,1374,8.4651,8.254233537170707,,1,34fe8a25-65b0-43c6-8079-dc24c633bfbf,,4,en,2026-08-23T00:07:15+00:00,28
2026-10-03,2026-10-03T08:01:14.517004+00:00,dec01127-4dd4-4208-8a25-4e604bf2b2eb,My Farm by the Palace,ko,ongoing,2022,Historical|Long Strip|Romance|Comedy|Magic|Drama|Fantasy|Adaptation|Full Color,safe,1538,8.3418,8.200017829268202,,0,c64f19c1-1c09-41d3-b858-3cf0e5ccd210,,97,fr,2026-01-30T18:52:37+00:00,48
2026-10-03,2026-10-03T08:01:14.517004+00:00,f0205fd6-a03a-4a91-ae6c-ad103284e5dd,Genius Archer’s Livestreaming,ko,ongoing,2024,Action|Long Strip|Sports|Adventure|Virtual Reality|Video Games|Web Comic|Adaptation|Full Color,safe,3884,8.8576,8.646169634238401,,6,e1668421-c9a9-4598-acd2-26cba4d305af,,28,en,2024-06-28T22:38:58+00:00,29
2026-10-03,2026-10-03T08:01:14.517004+00:00,f7a990c5-f685-49d2-9009-de6a2a89c7a9,OFF-Mode Mari,ko,ongoing,2024,Comedy|4-Koma|Web Comic|Slice of Life|Full Color,safe,219,9.5556,8.290462361213331,,1,9c588ce3-2065-4cae-bd1a-0285aedc129a,,2,zh-hk,2025-07-11T13:36:05+00:00,1
2026-10-03,2026-10-03T08:01:14.517004+00:00,f90df7aa-c8cd-4ca7-842c-b3dbe38b8b2a,Schoolboy vs The World,ko,completed,2023,Action|Long Strip|Romance|Comedy|School Life|Web Comic|Full Color,safe,304,8.84,8.231405322094407,,0,40ffc74b-02a2-45ac-8c22-c75f085d4d7c,,1,pt-br,2026-09-27T02:21:43+00:00,80
2026-10-03,2026-10-03T08:01:14.517004+00:00,fe7d5dbe-6f0a-42ed-9a83-67a4315bd3ee,Hunter Sesang-ui Jeongwonsa,ko,completed,2024,Animals|Long Strip|Adventure|Fantasy|Web Comic|Full Color,safe,5114,8.3868,8.326602107655791,,5,3120aa89-9960-426f-8b2a-e905ec7968a7,2,74,en,2026-01-06T04:32:33+00:00,50
2026-10-03,2026-10-03T08:01:14.517004+00:00,ff2199cd-97cd-4c2a-9837-0303686ddd68,A Handbook for Villainesses,ko,ongoing,2023,Long Strip|Romance|Magic|Drama|Fantasy|Villainess|Adaptation|Full Color,safe,321,7,7.995769772336189,,1,,,,,,
